h1,h2,h3,h4,h5,h6,h7,label
0.6065800544300283,0.20252944145207946,0.3676947762442016,0.44642844620390143,0.17343736766980583,0.19489779046441294,-0.05132432985783833,0
0.23034472830298328,0.025161288719633947,0.0006522156535760052,5.41572123951584e-05,-1.0166092128144345e-08,-8.584151927032803e-06,5.006583525905792e-10,0
0.4687738068385703,0.19251180260728865,0.001518898252829669,0.0009574769520730059,1.151085947512384e-06,0.00039707065547740707,-9.087086948742457e-08,0
0.7024895096728417,0.4257337363904757,0.04883855566036084,0.008417455488380568,1.895645765883566e-05,-0.0014145066543243155,0.00016961218305746134,0
0.4749726791366201,0.1870664398323605,0.006576591261721437,0.0005985227252911111,-1.0981776672649008e-06,-0.0002588461652990409,-4.5175509981018116e-07,0
0.782136066450244,0.556640181108762,0.035479125966548,0.00434356466020511,-2.740333503095897e-05,-0.002294895984532207,4.643817488227537e-05,0
0.5436537177454113,0.2654666286394458,0.011216265871384717,0.00835748887859544,8.089472756809072e-05,0.004256183948434085,-1.8831413242327547e-06,0
0.3545920162778913,0.06926351842137464,0.014992756728982034,0.0055106453010126955,4.1867709310602696e-05,0.000924941544205809,-2.7495941305471076e-05,0
0.34636816826639105,0.08081611189393798,0.00340265964340168,0.001431456930068351,3.0205332102390447e-06,0.0003660190846751634,-9.256909090002063e-07,0
6.013990487134835,10.768877828281106,152.4352144832438,54.28509909333924,-4588.578609861133,177.32154436679497,1824.8825338879772,0
0.6172164344511588,0.3464750327602636,0.03470267377693856,0.030521357765462734,0.000993311008455877,0.017956445656374446,3.0105422383220465e-06,0
0.18550500679772838,0.0010420337081683052,0.0006026899411281209,0.00021050524449026074,7.480694985371067e-08,2.7943477902078657e-06,-5.080838037704949e-09,0
0.5701955904147016,0.28346272187748767,0.018012816717091297,0.012865131661039912,0.00019578266103775104,0.006848392108150829,4.935284070069619e-06,0
0.5020249237189448,0.2254334180069711,0.0012674680246194813,0.0007916782682525172,7.904205476860567e-07,0.0003558264131010832,6.432462498461986e-08,0
606.3823173874346,44115.32034449898,90359924.220554,76608679.03605479,4832360322810002.0,15999450217.235126,4156299840419516.5,0
0.25360852935843026,0.03680708727357289,0.0017871940806233745,0.0007514279239852497,8.707899682807119e-07,0.0001441623845885986,-3.4640811608415377e-09,0
0.31676369594628634,0.02361359725567293,0.024697908822570752,0.0034336911648486443,-1.5061028442426037e-05,-0.00030933704055673226,2.7803528559240604e-05,0
0.23415581267462068,0.023943870018868132,0.0020095841730564134,0.00043467333114570786,3.8143580288256537e-07,5.8614821896116864e-05,1.398177317546125e-07,0
0.49300583421007504,0.2011781536115047,0.013656340938912288,0.0034110941898566646,1.5764608422215885e-05,0.0004442779431392401,1.7131764012398596e-05,0
0.23953609622576433,0.011107268113623505,0.004271730757784843,0.0001407699645689854,-8.568089550902972e-09,1.4809565225946312e-05,1.0882408103443943e-07,0
0.3281735952243497,0.081490715214049,0.00028936750209215107,0.0001514506306835324,3.158142775127525e-08,4.017924601720926e-05,-2.799607667011532e-09,0
0.2240251375555694,0.022156355622476732,0.0007808990235740335,6.465715549510098e-05,6.186199831728317e-09,1.5276803782933794e-06,-1.3145712394802158e-08,0
0.20662276194984153,0.005408785283911085,0.0028102456972140836,0.00031161240627245037,-3.447200306936054e-08,-1.021611725001369e-05,2.8955980170570415e-07,0
0.3423385199970727,0.04614277266442141,0.026053370071283107,0.0030782322938379745,6.781092526110363e-06,-0.0003103351387208629,2.671960218583993e-05,0
0.35074653401208145,0.09555594970310585,3.610286282039207e-05,8.427630216270775e-06,6.018011932671864e-11,-4.317317863412963e-07,1.34121276823999e-10,0
1.5121440256393235,2.2516798889249077,0.017276584046230413,0.015249543745632189,0.00024749460725153667,0.021252749214640584,3.697981273015577e-06,0
0.20283948181830816,0.013019772286028209,0.0011145040402979478,0.00021058920411163594,1.0045914040401835e-07,2.341667792652559e-05,1.779057330697293e-08,0
0.4797390999003075,0.02160777910997735,0.050121703485283026,0.01927159024664851,-0.00023221775658300247,0.0027361811907696473,-0.0005520994673730643,0
0.20982516133873766,0.01646752400715976,1.2163175578795908e-05,7.394536511290592e-07,2.2176145373673337e-12,9.451387727683481e-08,-9.355345161223147e-15,0
0.3010477760216027,0.046485775963005724,0.014025217039793491,0.004916632465603725,4.0305196215494795e-05,0.001040785212740933,-6.511815323811775e-06,0
0.23028848182976308,0.022188408695565133,0.002914353945273511,0.0006526809614840288,8.846402213555104e-07,8.54194135981276e-05,1.6646427402069213e-07,0
0.44643326826875596,0.17275075734595047,0.00047914750047770894,0.00033164504436759444,1.3211785179267446e-07,0.00013554694150225326,4.774295501687197e-09,0
0.2097153663748937,0.012843227393827506,0.001683494500116318,0.00010152948608468613,4.123539057061881e-08,1.0864049339394566e-05,-7.846719316378534e-09,0
0.4680369299460784,0.16578801339260751,0.03044834309038248,0.02599124877750904,0.0007305374170631147,0.010330317213527295,3.057713124859584e-05,0
0.4433377305959127,0.15331345261049692,0.0011159887514252936,3.500391858908489e-05,5.730296003423812e-09,6.830827772987249e-06,-3.876570440133594e-09,0
0.9503547260813796,0.716213298626738,0.010092023578169542,0.07451673596951038,0.0019757284166438127,0.058245760717443015,0.000521821403097534,0
0.1841808490069049,0.0024416568301341176,0.0015958693269257098,8.277118258077337e-05,2.400334944916385e-08,3.679167397199838e-06,1.8133133174956098e-08,0
0.4200000868787005,0.057939649416157285,0.058445016585634044,0.004614162724218522,6.135278642400628e-05,0.0007995048317236087,4.4467366160623855e-05,0
0.4984385056834315,0.12113451236825488,0.8161870561846812,0.9750066715376282,0.8694267634248248,0.32225380732143805,-0.024561291083363107,0
0.2303271362450786,0.01989553245600091,0.0019510857814950444,0.00021094218625318032,6.988275347412502e-08,7.562504511245478e-06,-1.1588660082488112e-07,0
0.6545748402690358,0.3941035320415664,0.031041791237795636,0.02364658283066154,0.0006405411485233163,0.014801275385120728,-1.2213790520999243e-05,0
1.234702689764045,0.3924171299083457,0.6764657780501246,5.587595916674032,-10.724532636405488,1.4492569921763057,-1.7305899739419202,0
0.2702448267872915,0.040318808781941315,4.530916260499376e-05,3.064486452103912e-06,-1.9493055263150133e-11,-5.820956700091594e-07,3.0396799742030214e-11,0
0.4991553066119713,0.165207587087113,0.04226666711144633,0.005593236382525083,-3.006173789563355e-05,-0.0011789135041545603,-8.05737688288594e-05,0
0.284930320308158,0.04727656431810891,0.0024382906608360266,0.0015981823438760143,3.1414190899636683e-06,0.00034710875813968823,-2.910768648764847e-07,0
64.7678481423271,4157.577935631925,2411.4083822485923,652.8868984581399,614347.8608024637,10216.696745705027,541915.740979868,0
0.19363280973810654,0.008854115107345184,0.0009786675738094684,2.555863754916431e-05,-3.755889667920329e-09,-2.347671478252686e-06,-1.4943732825134146e-09,0
0.6186388133813061,0.350815741445704,0.0010310585698994706,0.0006616680080762647,5.431372210739309e-07,0.0003626599540250269,6.066557012418593e-08,0
0.6982003743278344,0.435396072983635,0.07217439922216605,0.05720053776311466,0.0036751348086989134,0.03726579646137282,-3.3906457737091906e-05,0
0.5268933223605163,0.2416878815391705,0.004721404297853669,0.002224064657503455,7.184185555459071e-06,0.0010885320158272266,5.734544000567036e-07,0
0.19790995655374882,0.0009534211538147466,0.0024632576935738532,0.00021989380011185023,1.587702698553899e-07,6.776803906969056e-06,3.13496998286251e-08,0
0.3332760776196774,0.0853479625167983,3.74335995737627e-05,2.2226667807143613e-05,6.403802844599836e-10,6.464682707384727e-06,3.088106020614404e-11,0
0.2608030067188809,0.03462934418288116,0.004794869722563737,0.0011593071640531867,2.572249752603792e-06,0.00017130370663853554,-9.243493412465849e-07,0
0.189482334056067,0.007253183802914075,0.0009462036408322695,4.244869596746531e-05,3.214088264853491e-09,1.4138129703758926e-07,-7.87672646251411e-09,0
0.31732579985642695,0.06773646871305106,0.0010011983548393315,0.0003782606491708197,1.9798364124026058e-07,6.159870890204221e-05,1.2243076393582422e-07,0
0.23454914956432227,0.02311349188104948,0.0011353674724144632,0.00035369056600643176,2.1921511308295066e-07,4.746903801352456e-05,4.668820490994922e-08,0
0.2684638575617275,0.0449438620857153,3.910303153198389e-05,1.2135510312198462e-05,2.4347369561267997e-10,2.012287576428952e-06,1.0298375800924813e-10,0
0.21817012438149286,0.02094403643891315,0.0004003744739279573,7.955617173617927e-05,1.3793223112602224e-08,1.0253876859853263e-05,3.3683568381633883e-09,0
0.28694572498564475,0.051863868972089174,0.00115117697173073,0.00032216106603830575,1.9601574052986753e-07,7.287673092665218e-05,-8.307349440178179e-09,0
0.24328156059520628,0.02905588213190526,0.001180312881679042,0.00031716256421792386,1.6257771865151196e-07,3.206860837832325e-05,1.059492413004205e-07,0
0.3693214304634181,0.10778888070161599,0.0006889803067466384,0.00033864096388193995,1.6021559141530198e-07,8.43132581242302e-05,-3.2972968049325624e-08,0
0.24692630880611194,0.0262813575387385,0.0012002999542260772,0.00021768955665606995,9.16871089617475e-08,2.2987046666146847e-05,-6.305402250061114e-08,0
0.2820916688713815,0.04020468365065866,0.004341853226861362,0.001301423187751769,2.7730428113472915e-06,0.00022352005251811253,-1.3713673201309872e-06,0
0.25175669869983625,0.03320902703298276,0.0020160413518384352,0.0003740963050057571,2.8393105464689027e-07,4.900535174442544e-05,1.5789578606837702e-07,0
0.6434573667298652,0.37863252149145143,0.015022276068968016,0.008740415849632909,9.911096772160624e-05,0.004831318400294475,1.4412987415592992e-05,0
732.3565369662217,426065.872743193,447413792.91351545,375434910.55158967,1.5348058922684547e+17,240808406766.51306,1.0953595150189952e+16,0
0.4466486184739572,0.15221304285978524,0.04070009851751666,0.030361531213520504,0.0010670593984216867,0.011641094184354325,2.2279083884640873e-05,0
0.5276795776878964,0.232909909283255,0.035047374609994644,0.032193889825296265,0.0010810674763456697,0.014731275423532803,2.6971732252086586e-05,0
0.22567902229439146,0.009912178098702842,0.000356110397748771,0.0001900536787631635,4.4727105094705084e-08,1.1167263076690103e-05,2.1074109440340817e-08,0
0.6098063193618842,0.34201907270747345,0.0026090009857450583,0.0008575586030177064,1.1032416657752072e-06,0.0002542970161191562,-6.543972467253707e-07,0
0.35168218976626103,0.07919640889887503,0.009998003106957237,0.005592522271724371,4.1541601207108905e-05,0.0015310906595537494,4.804209481806959e-06,0
0.786916166884885,0.590421848229047,0.001715508001547841,0.0003317790457345865,1.0207427819170213e-07,-9.780092445621753e-06,-2.2854652790617548e-07,0
0.3765970940690895,0.027161495526839906,0.021199566185699632,0.0021069120721441434,1.4067990384381587e-05,0.00034642952984710666,6.048533693234705e-07,0
808.5284148459718,580805.8735008171,50128824.43675771,8874460.425184552,21211201966547.477,1092063082.959351,185973100325165.3,0
0.19610917281313628,0.003334149776016147,0.0012072617823144069,8.924244168350189e-05,-8.244067102579302e-09,-3.279065282788597e-06,-2.8108569136144382e-08,0
0.21937614771495278,0.014738438360277608,0.002439770960049121,0.00018898645725464797,5.3679474057701584e-08,1.1825683897792616e-05,1.165612438784916e-07,0
704.4522660254371,402867.3962701322,167242555.51365235,157635696.0817524,2.5536292239826976e+16,93331077398.01831,-1732673176315842.0,0
0.5296754143298459,0.20827727390910047,0.01346420668857539,0.016226600747255873,0.00023984555346057281,0.007344364594100981,-1.0209092564221218e-07,0
1532.0294433487911,2061289.3927224267,418138926.2655117,118829386.72475961,2.0735941354723416e+16,37431525088.83032,-1.6481047137040344e+16,0
0.6699570692275122,0.36573207265752494,0.06810368141018232,0.06329096053950033,0.004140495451033137,0.03559271891341569,-0.0003499328131496,0
0.18632954664933027,0.0007460829373602655,0.0028207532946854306,7.929286183211463e-06,-6.141061505600483e-11,6.043328833872383e-08,1.1842695764814172e-09,0
0.21746171127995506,0.009503800591785431,0.00283031608720425,0.00039727631615248246,3.455186609431087e-07,1.4606649139180458e-05,2.4100198720118293e-07,0
0.24564055233688886,0.03336795305022861,0.0011213959397328164,0.00047728314068048533,3.479298545490483e-07,8.506554667264366e-05,2.9466442999365837e-08,0
0.23301349286474649,0.021279006474362216,0.003734349689275993,0.0003610191701434698,-2.321752039822811e-08,-1.6800209971405526e-05,4.1853877669064403e-07,0
30.44888484300642,826.373185154545,5303.646841191108,4322.200429704766,20685706.078073177,78726.19219440936,586181.6330193169,0
145.62658185098877,14809.757023352908,108360.49310525728,16105.619577963429,512211119.1165781,953392.3637029196,436270847.0429028,0
0.2834359140480001,0.05372775350310921,0.0001245370670020958,2.2245077428604216e-05,6.095338111618199e-10,1.5318901649296093e-07,9.996757260788758e-10,0
0.21112788984408895,0.01696090490040544,0.00031259917187583696,4.7689412451684945e-05,5.622815512050745e-09,6.103858471412419e-06,-1.512667924194767e-09,0
0.5593488574769017,0.2837868458690883,0.00025972894346354587,0.00022929483694013498,5.586876534151245e-08,0.0001185949346237797,3.1346504415274966e-09,0
0.3708237941886405,0.09813475955651874,0.008605181781237854,0.0008531048197916544,-2.213554642974383e-06,-0.00025984117555429134,6.655487639398075e-07,0
0.17014527618293557,0.0007970111999811856,0.00019513705672778418,9.177139198865439e-06,-7.109354007963711e-11,5.540239372538213e-08,-3.817940163408616e-10,0
103.81599788221702,8995.457172251668,2691933.5975363897,2444568.774953006,6270304236033.976,220975930.46337748,92202892567.82373,0
0.8430324909589676,0.6617461880861831,0.00891134325749464,0.005932950951202855,4.309473455190968e-05,0.004550910383280549,1.9704656377307436e-06,0
0.5264535348338468,0.24989378766174608,0.0006636216850000795,8.123630624690589e-05,-9.721608943775207e-09,-2.830950126866412e-05,1.616359343617615e-08,0
0.26601263604727443,0.0328621291337023,0.0027920306128467937,0.0002604542153354318,-2.1816208970278493e-07,-4.7081472156137584e-05,4.166137021958052e-08,0
0.16954722763780433,0.0010721423793015373,0.0003518042303888347,2.0557183938646468e-06,2.264216343318186e-11,2.225754185358905e-08,-5.043415384356003e-11,0
1466.3827319267045,427833.3377711927,8424732952.556092,6062771730.229777,3.84357883051472e+19,3765600921272.2173,2.0003656962218746e+19,0
1151.5080207702188,790315.8673682966,412182956.78339833,216708311.1505665,6.027916956094672e+16,190697443162.06616,-2.369123441785027e+16,0
1.412433672528715,1.879988291904633,0.1808306063066647,0.06326287338824324,0.005953028823056893,0.04221864711002976,0.0032165150843293513,0
0.26036888484278387,0.009035787254200083,0.0034057438505026203,0.00029720747529279906,1.451864225647188e-07,2.8103077647636925e-05,2.6140380037099415e-07,0
0.25565701971782895,0.01768047211818874,0.006756613318264285,0.002162495502247698,8.019678725653431e-06,0.0002635410599282672,2.003028449344283e-06,0
0.22443553651086917,0.018134849887758653,0.0023169995861978274,0.00029764152986172466,1.4610202573967926e-07,1.8524671332455027e-05,-1.9937231670320869e-07,0
956.1889803334825,36203.16497239904,218264226.24666545,29349656.426544398,1085020199526756.8,928860754.6317319,2083472419588466.5,0
0.163851024912586,0.0014136189352436325,1.4271519804515704e-05,1.4564989343891905e-07,-2.0762123983246736e-13,-5.4601301273204975e-09,-3.1457548660315243e-14,0
0.434870165451318,0.15743727518856176,0.005192548928642992,0.002059227634637572,6.273541779172256e-06,0.0005714007976084085,2.4462098326852315e-06,0
304.7073510097192,68317.17762123515,27765072.80675257,4651193.118264134,-14191697410126.236,-688604466.370036,50915360905735.47,0
0.23852086869334369,0.010892073466501775,0.0006263054301191093,0.0008901621688489855,-4.875728413426472e-07,9.253041984086692e-05,4.5170790931906e-07,0
198.75338150274075,38330.5489343181,319287.16093836527,238874.15139835904,65866798237.77769,38907888.71534066,-3683109117.19331,0
0.30745922576762486,0.05248862695379358,0.008479534902962351,0.002912026385940513,1.4164275633699327e-05,0.0005706055732882966,2.960450330654962e-06,0
300.53706163548827,81794.79430829785,17389815.099583495,20327832.18003402,381943388061033.25,5700049986.814788,-13843703404703.031,0
0.6024337772379988,0.31865734037779525,0.019128390465308807,0.003267700610701831,4.514609161158982e-06,-0.00035350104235155145,-2.543712855147851e-05,0
1.0770939495838352,1.1119447718384,0.022189097130153965,0.0064206458855078155,6.0337778177654546e-05,0.0026805643192724564,4.725003691777437e-05,0
0.27482575702523115,0.039790225912999445,0.0024160937805538154,0.00038035733114126133,-5.20656878840511e-08,-3.263567473810022e-05,-3.6088698392103955e-07,0
749.6863359126013,11553.09390176838,121702482.36320685,15822163.19238958,-37552617975894.94,-340477530.19593287,693285850854984.6,0
0.4895985940052473,0.19606114491910373,0.01775629964690191,0.00930241857704315,0.00011603643882814369,0.0031223006871097313,2.8794003036977546e-05,0
0.30328875708793557,0.06329227819902143,0.0022016686528581026,0.0011773377267229445,1.8955018140943575e-06,0.0002959136916847206,-7.463232783964422e-09,0
0.15950589376352978,1.6470906596052336e-05,3.030421350004062e-06,1.4792445624846132e-09,4.2478781255377307e-17,2.5180772459018723e-12,-8.946794454368612e-17,0
0.3482984596629434,0.09439050099133393,0.0006535705087059994,6.91993434701306e-05,-1.0034536573741396e-08,-1.7876423471638286e-05,-1.0764669623766333e-08,0
0.2470104057153122,0.034059261835917384,0.001036909964604139,0.0004897343084677051,3.4862478334102403e-07,8.965982601577956e-05,1.5932579688179934e-08,0
735.6458449648734,378903.641244155,99813497.7967348,29011883.136705473,833424661062957.6,732197141.7686143,1320131994283232.8,0
0.18520199062476492,0.007267551211831114,0.0006194414775742527,9.406012392629032e-05,2.2692718815146342e-08,8.000644513612571e-06,7.25650569059796e-10,0
0.17823847259756323,0.003537486104380435,0.0010108136209175378,4.3237798572109596e-05,5.749125077353528e-09,1.5145720497582275e-06,6.975316421416971e-09,0
0.8961215137657952,0.7738661493462596,0.00020574663568590393,8.992557774292367e-05,1.1634349290801713e-08,5.384313231865197e-05,-3.776166952992242e-09,0
0.44067146959945414,0.15883852677622382,0.0029770376040758376,0.0012211310307281493,2.2885366395893865e-06,0.00043537074168745324,-4.2836507796649276e-07,0
0.4565779174837726,0.18176881627258043,0.003028135863860599,0.0021684688295176466,5.554506599450063e-06,0.0009131981555421736,1.5634244040480985e-07,0
0.6592491083422508,0.3633628835125944,0.007850811296935257,0.00451787839772414,2.6686106863798513e-05,0.00272009928610852,3.437683427685954e-06,0
0.2575423854096921,0.02858782783411027,0.004853696301175322,0.0005693368789830039,1.5750344649783798e-07,3.866282119806391e-06,9.332361619413813e-07,0
0.7487681985388254,0.09122873380544289,0.05177922396631831,0.008256011513409638,-0.00013971216702848713,-0.0023449335934169983,9.807628543474474e-05,0
0.3714894432894409,0.01749800177900225,0.0076187162569503536,0.002138850477524299,-1.4128335368695254e-06,-0.0001373495237953201,-8.51761018926875e-06,0
0.3917595114527376,0.11801428989775369,0.011746742438219042,0.007426125213659749,6.913575062872695e-05,0.0024985731456657213,-5.559082451966545e-06,0
0.18563651477942983,0.00842583447034199,0.00010582257785679509,4.053611702969602e-06,-8.295269393523145e-11,-3.718108670931309e-07,-1.2941464876177753e-11,0
0.17014178312318784,0.003389787104602175,4.547679038967666e-06,9.03786372472914e-08,-5.745381521552508e-14,-4.601601666386298e-09,-7.505737225339255e-15,0
0.26889448031133556,0.045117512435999825,4.002503893502714e-05,2.7800608241190882e-06,1.843727616451313e-11,2.482397126979102e-07,2.2804809432894878e-11,0
0.40214750425143675,0.041629920099905605,0.0034129192844283146,0.0010524364520730306,-1.9154816411987337e-06,-0.00021473030411642283,-5.562174666931255e-07,0
0.7921485495264078,0.590057429363539,0.006783896817604293,0.000769939571082641,-1.663927363215936e-06,-0.0005742467550410283,5.724416008821909e-07,0
1454.8868011679385,1218579.7003343776,130881315.29904261,249768572.12595707,4.450716145982118e+16,254990462167.96475,7645854367032294.0,0
0.308910750185307,0.06772950472453726,0.0001242537726277074,6.482499055227115e-05,5.816121736474514e-09,1.549138677773703e-05,1.4503936599499665e-10,0
39.781125472841524,408.1189799095813,25932.720664197917,12213.876387867584,217331693.82023665,219352.44508111908,4204518.705275312,0
1.3829211708277809,1.8772717474960494,0.008246344478663292,0.0012802604318645054,5.556607785723125e-08,-0.0006229876478116882,4.159484140122326e-06,0
0.16222835737436211,0.0006969625022030531,4.790556132841389e-07,1.5572987106273368e-08,-2.613587199782659e-16,2.486726636313136e-11,-1.319452399442762e-15,0
0.20385235892008485,0.013084196592296992,7.81402335809274e-05,2.8023835746214664e-05,1.2933846838474562e-09,1.7483947002444883e-06,-2.1650605018484617e-10,0
1045.3267267928095,137683.71955663577,496359412.36237454,8192932.994086625,317898885364012.9,2352513461.9932923,414620328073907.6,0
0.814651816520372,0.6218582070738853,0.022758046532557565,0.007948008194635045,9.368335977726628e-05,0.0030107863953847515,-5.147660282150194e-05,0
0.3255290822272274,0.07905835819855721,0.00033401239004685095,4.654828747280217e-05,1.611351711856795e-09,-1.8673852275325753e-07,5.575968717010231e-09,0
0.5001318056372168,0.21973866729885996,0.003219023934533052,0.0023423507714993887,6.425185542548102e-06,0.0010504681916906592,-2.9404935222840153e-07,0
0.33766069821326794,0.07056890693727079,0.009789035534739662,0.0021025245822673426,5.181435494685036e-06,0.0002000373416922414,-8.008516310369228e-06,0
0.4955417242774053,0.21601129316483403,0.005711584687943577,0.00406668747814109,1.959896746918014e-05,0.0018886199613518842,-1.0570116668964734e-07,0
0.1857311656425874,0.007627742713424641,0.0003187628812294325,1.288092432544223e-05,3.168629605596223e-10,5.621083622867116e-07,7.62136139561073e-10,0
272.9779381885814,59566.03653574909,35208299.65013351,27777129.12383186,866511261410190.5,6275591452.212986,61167160382146.56,0
0.3708237941886405,0.09813475955651874,0.008605181781237854,0.0008531048197916544,-2.213554642974383e-06,-0.00025984117555429134,6.655487639398075e-07,0
0.17831420016222824,0.0046838920753460665,0.0002593800949322345,5.841401985257734e-06,-1.8159389232359408e-10,-3.3315157332703013e-07,-1.3683328103911464e-10,0
1.4086700329730732,1.9512684059997398,0.007007021082054621,0.0066753092017083,4.5653340835574206e-05,0.009314605445075634,-1.0860028476925571e-07,0
163.5393855045417,23711.277376397888,1042479.6631989097,389527.54491987627,224539451126.78397,30276652.84256475,-105813132933.02634,0
0.4540654446000463,0.16460960893795396,0.024630882905598853,0.015423347051639384,0.0003006059945366923,0.006228538635003662,-2.0703096449323048e-06,0
0.7296357438415698,0.3569133521436292,5.377546032997712,5.375152998270487,28.898594535283042,3.2055881950121345,-0.07826014242946044,0
0.3527737470802912,0.007791604157649825,0.003704110459029305,0.0015075199658978037,-3.4988636295594057e-06,-0.00012358613217423655,-6.695446751593547e-07,0
1.1338160688032322,1.2550945974169687,0.014180376426383246,0.013438511912272636,0.00018550918458485325,0.014914475298663741,9.107909694965548e-07,0
0.17237653971304068,0.0031243360496063842,0.00013713909417459305,1.6390772131670586e-05,7.565568992503994e-10,9.128206693512699e-07,1.775217997938263e-10,0
447.46988635495245,34214.25348061843,203390991.25956148,77813365.72683917,-5053265249217648.0,-8506568984.785082,8384087755241746.0,0
0.7908638879646175,0.5946984230145814,0.004356250192072609,0.0032898701243405442,1.2440373386552584e-05,0.0023730854820017385,-5.919657027965819e-07,0
0.5855553272245247,0.2994733238750742,0.020920250790174254,0.01888269574202364,0.00037524845229876724,0.010145782386880485,-6.265349619194986e-06,0
0.46120107388075626,0.17996298303467784,0.009705233885224873,0.004052440724832306,2.4143595031992465e-05,0.0012327599053694781,-7.935555390827168e-06,0
0.1783360885006998,0.002053603965362404,0.0013402721597286706,1.3002697354526577e-05,1.595379900169448e-09,5.892276475950453e-07,6.333831307389126e-10,1
2.5082869443467093,6.122938123889723,2.6382080055523507,2.1114829924618763,4.9791526961908055,4.867723502327303,-0.20850632787463141,1
0.24978642948749274,0.032537607834823276,0.0015044918636772523,0.00011173204999481362,-2.4973561975653813e-08,-1.424032050184629e-05,3.840429242849956e-08,1
0.23831209680635146,0.025184278702446845,0.003170682980093544,0.00024597604320223537,-4.2823901013691915e-08,-1.7927340493232672e-05,-2.1296497168948588e-07,1
0.3929595940260814,0.12732061639463824,0.0017514899285720471,0.00040687369937923777,2.5010924383326555e-07,4.8959684712079356e-05,-2.3541329285268352e-07,1
0.25701333895593814,0.03922923210852861,0.000538485602606905,0.0001280148932965997,2.9357431326913304e-08,1.7173098507651793e-05,-1.636525651215575e-08,1
0.20033599327149632,0.008415959812262315,0.0004777619444075163,7.983514389017954e-06,1.847308190578384e-11,7.184941137204765e-07,-4.927106097540862e-10,1
0.2696777214128114,0.04723028185861953,8.693632196881754e-05,8.399945106963462e-06,-1.043750339681976e-10,-1.2051445749674154e-06,-2.01574670749885e-10,1
1.2814561399967703,1.1206000844264707,0.9358880230417107,0.15535236176229061,0.004855575524480922,-0.06983589145885279,-0.05903707078904631,1
0.23231344345061944,0.01691362619188309,0.0006244850053965124,0.0010464114819549492,8.329260004737893e-07,0.00012600912225516035,-1.475364622666387e-07,1
0.19732473463851813,0.011930165678688228,0.00028906181969745733,2.3568151091270695e-05,1.2497320920258315e-09,1.076829089308548e-06,-1.490741552938425e-09,1
0.3397008744114084,0.08412554729760238,0.007169807378216864,0.0033550030088753866,1.6363218139829875e-05,0.0009199846249390846,1.7338302717656412e-06,1
0.5293318528501126,0.25136776582195125,7.278973507282815e-05,7.899153094867552e-05,5.973892694773213e-09,3.8548516638070674e-05,-4.3502128520164125e-10,1
0.16751794886885274,0.0017098986159139263,0.00017469915605237223,2.988675124292457e-07,1.4215128600166345e-12,6.088648120992789e-09,-1.6257188413834423e-12,1
1605.1912391268816,1770331.7364348245,201900449.58447978,38635089.259073794,3403017263024013.0,2498526580.372837,250918427599766.0,1
0.565799741458332,0.28175926329444223,0.029331822464878757,0.020950900585608896,0.0005188310033492537,0.010856895479814296,2.356898916331771e-05,1
0.3298879537125342,0.08103859209095962,0.0003484414512893751,0.00015271737791937897,3.490707029629944e-08,4.198122019321467e-05,4.750088038525048e-09,1
131.14530245077734,3103.5566009949366,445410.695245402,306705.95965365577,112696202825.01738,17082401.818956744,12258902363.993881,1
0.3907327058403597,0.0816801614452241,0.009683200900927332,0.004784187468056159,3.178400223303885e-05,0.001354919530940336,7.079068422501991e-06,1
1226.0849110847475,472698.49091624655,1396329672.5337136,607471185.1739278,5.4416212575773094e+17,397795431892.8156,-1.3000955020118435e+17,1
4.368927407796384,19.039231340093007,8.30354100207199,8.248203757447957,68.26069990982023,35.98794671096039,-0.005858579046331247,1
0.2788292177973562,0.04574307707372055,0.002490010533064645,0.0008161420298568265,1.1578107021572271e-06,0.00014979419348052476,1.1445318076451958e-07,1
0.26421198898617587,0.042768436609902975,0.0006218931811344163,0.00021630182499671012,7.861139227131546e-08,4.262448517284907e-05,1.0668109399915762e-08,1
0.3148130124740456,0.0644226495884873,0.0008366426174937003,0.00042645814399745226,2.537460657477429e-07,6.912721615749505e-05,2.2397680813840244e-08,1
0.46306028273128214,0.1862970637331591,0.0027688645179647043,0.0003224792944250611,-1.5156644966579382e-07,-9.514164769573959e-05,-2.643539692979551e-07,1
202.80051081058505,36597.41288263435,2737853.1152423522,2227700.5392832262,5497301309147.407,410845976.3355921,217850256082.17725,1
615.6594273851794,167662.80443986508,8762932.506340876,4315342.948709707,26424387329275.99,1647712245.299883,2439419990976.6465,1
1.1192469088310004,1.2245404133864701,0.020140485000403642,0.01876930498618375,0.0003649274024486059,0.020744758821845375,-6.88705777025721e-07,1
0.43314680914459486,0.1585685705063209,0.006503325863632937,0.0034392461827638973,1.6094464774634976e-05,0.0011906744343735051,-2.35135904842941e-06,1
228.16722054562564,22330.901137055476,2095818.6735457894,4099860.2054931265,11956061078592.768,599064251.3658522,1218091789722.3677,1
0.2548485646380446,0.03814856182025861,0.0005586372978262393,0.00017486319868821278,5.3558225535208274e-08,3.15698808984208e-05,1.0883355761225948e-08,1
641.3459330592434,224391.46457641295,54945488.530122116,34205455.21710385,1411628609820293.5,11928716448.981266,454168346617057.94,1
0.33873388109291447,0.08136326227725363,0.0029978355286985362,0.00040366930163094987,1.7405957963870813e-07,-2.453153809251568e-06,4.0852576593517277e-07,1
1.5834261559967688,2.3434836292282584,0.35378007526770205,0.07156349532549101,0.00495040745810552,0.003043572731168457,-0.010254465313398681,1
0.27370344853688494,0.04205628118310084,0.005963670428541641,0.0016816046558120632,5.014712852210822e-06,0.0002616757225489627,-1.7920075369373527e-06,1
59.66789663123827,1619.7959744662721,45371.6021234388,68138.32137492571,3739602759.255431,2740360.9402358914,-607363790.901382,1
0.2681346874062215,0.044135909608728825,0.0008917845363840578,0.00029835070897273915,1.50412902472125e-07,5.730282192174719e-05,3.254537088287504e-08,1
0.5325819503928203,0.2218329065936024,0.09623084890883218,0.0790901267866385,0.006884430885749821,0.032328657376214154,0.000461240037336246,1
0.2503410373264342,0.029160808868841447,0.005182436084612482,0.0010845538658558627,2.333387038954756e-06,0.00013824457876059846,1.080098182991133e-06,1
0.272049967683547,0.04640466424754801,0.0009247949828685478,0.0002973496770249786,1.5056444828938334e-07,5.57802693782707e-05,-4.054465608826089e-08,1
0.4430152545486601,0.16176450409512524,0.013526319161129825,0.007782981000650103,7.911888370737172e-05,0.0025880315670492897,1.0826760930391374e-05,1
799.3675900441906,43717.29191570791,312639643.5794672,240918001.46664,1.6288293214443948e+16,-28037870950.069202,-6.408124614936704e+16,1
0.6368202493112449,0.3277639760428809,0.15221205058306858,0.10324575805606781,0.012862698322026233,0.05671484020883241,-0.0014389633608387438,1
0.8244795723486117,0.5885599123211271,0.11497829814287303,0.06967700321130986,0.006232068154721498,0.05183044484509129,0.00023553108825142812,1
1.1759640529326627,1.3395870517234711,0.14022254070629595,0.09874949302468117,0.011588160754648757,0.1029617290761032,-0.0008614531394608986,1
0.17831662837648982,0.004784669361409024,0.00030622314764529454,2.2383286769228605e-05,1.3802964085395872e-09,1.055175912185783e-06,-1.2364689143555645e-09,1
0.2011734246284567,0.011783599917089008,0.0006463767482911609,0.00010649185716164763,2.5905100606827246e-08,9.468868439812e-06,-1.0466003657030285e-08,1
0.25425223946188924,0.03658658691815284,0.0005908352918523604,4.791158995684798e-05,-6.458552070654983e-09,-7.90652220061771e-06,4.82373016321111e-09,1
0.27167085060365403,0.03662369317432731,0.007302512476880003,0.0011764129906866167,1.9711532931761775e-06,6.0080833812423695e-05,2.829086481873227e-06,1
0.26712949969554683,0.04389956137971523,0.000922019271915102,0.00030664827596135904,1.5865090369142918e-07,5.77418886244407e-05,3.763530284110586e-08,1
0.3968603171864199,0.12475041633377947,0.005511625958461388,0.001038435317980552,1.3263910411072891e-06,4.3632511770688075e-05,2.1006131343987207e-06,1
833.4014401449149,428982.15053085354,52154249.25389068,9770624.162584841,20628063980612.594,4008378870.0168405,-219594047318856.03,1
0.32282360492704654,0.040857484011050875,0.004997144659036843,0.0004365937718129818,-1.4057077901682659e-08,-4.344199113225991e-05,6.447243332826329e-07,1
0.253047742532623,0.037481215737008744,0.00044069777208943344,0.00012202803511680221,2.718989506804251e-08,2.0659262867411682e-05,7.842294121495815e-09,1
0.27926413837648234,0.049941871608928864,0.0009750498012442743,0.00029976931961690463,1.5323007623153147e-07,5.545141170547296e-05,5.2784518035382245e-08,1
0.2726712922751862,0.046866505316446434,0.0008780115998923906,0.00030209782260486056,1.525564978444139e-07,5.96909283033156e-05,-3.0555364027175816e-08,1
0.1914031608936912,0.007914999037734802,0.0010512326926583005,0.00010713446687742773,2.4987363605057257e-08,4.520426100459437e-06,-2.5851463582768286e-08,1
467.7877905632494,196391.15475205367,145350844.20722753,129449567.35427503,1.7756000220340204e+16,55618101055.72578,145309433339549.0,1
0.41705113445928377,0.1397423285711752,0.006609635845369798,0.0006753283285342911,-1.3914527342656784e-06,-0.0002517190501357603,-3.155944862641409e-07,1
0.26940604977481425,0.04525670451480231,0.0008533570101777622,0.00030225040762058285,1.510432818455794e-07,5.93333988541154e-05,-2.7367386220137146e-08,1
0.6457517461586856,0.3869573581312242,0.01783326306556339,0.014347955214158865,0.00022945578378215945,0.008782893686719168,-4.95939626851841e-06,1
0.26977457089524826,0.045173541543381636,0.00033554701466642655,0.00015514619647182679,3.49799969405324e-08,3.231699589439002e-05,-5.428994865530492e-09,1
0.1950796524153941,0.005599981385319407,0.0018462735122314294,0.00021029837289476927,7.544999831830714e-08,8.883611125171706e-06,-1.0713832883975809e-07,1
4.368927407796384,19.039231340093007,8.30354100207199,8.248203757447957,68.26069990982023,35.98794671096039,-0.005858579046331247,1
0.1637651322613402,1.3647482056579502e-05,2.0119352044988445e-05,2.799195639110817e-06,-1.7151534610663147e-11,-1.0333775652003253e-08,-1.2128658482797208e-11,1
0.25630447808608603,0.038647786521852155,0.0006656422480430434,0.0001693512579213261,5.171295535751533e-08,2.4940313479237667e-05,2.363839319787484e-08,1
0.26421198898617587,0.042768436609902975,0.0006218931811344163,0.00021630182499671012,7.861139227131546e-08,4.262448517284907e-05,1.0668109399915762e-08,1
0.19704208818230967,0.00487201288615679,0.0008882008626754482,4.993559977850761e-05,8.468511576085217e-09,2.5825575690031414e-06,-6.235460636382427e-09,1
0.33873388109291447,0.08136326227725363,0.0029978355286985362,0.00040366930163094987,1.7405957963870813e-07,-2.453153809251568e-06,4.0852576593517277e-07,1
687.1470895122833,348342.3001488073,164153149.5697363,87125266.18196048,1.0047144888077572e+16,39968771125.45175,2760038773692825.5,1
0.4657302242225703,0.18565557264574817,0.009544994073457928,0.006324892636395512,4.913515126350845e-05,0.0027001275971341105,9.148849586168494e-07,1
0.17094973511741385,0.002636969613635549,0.00019936410608809696,7.547980267367927e-06,-1.8109114152382528e-10,-2.6737439338727277e-07,-2.3008099590894866e-10,1
0.857198767719882,0.657574965263731,0.04652181009296168,0.028547131253356017,0.0010302962206411939,0.020290563057939717,-0.00014415488020377655,1
0.2819678128814007,0.046598860707901195,0.00020010340127983372,3.485882833307991e-05,2.571708099066025e-09,5.207797030343392e-06,-1.3646809642971034e-09,1
981.9943642511063,905794.8265815579,220792001.13737464,215727866.13785195,4.7079334623698056e+16,200239036783.5017,459929020260340.0,1
1.0943947115789883,1.1410333720537513,0.390445767014753,0.354427429310044,0.1318471136112608,0.378551001928533,-0.00024006371509634195,1
582.053336520399,64189.03939982509,29830527.90876826,3892180.776914692,28530396291443.312,749894285.8856881,30739414907743.65,1
0.7947751949201504,0.5898313085979772,0.018713080359636237,0.0021104050941742718,-1.0546821970140133e-05,-0.0014606588170109124,-8.040845707825458e-06,1
0.27774195398162443,0.047634630426741216,0.0026034614901760626,0.0010156937387233286,1.6469128636545896e-06,0.00022047657929707854,1.2508937765952487e-07,1
0.24104432595084185,0.010219630567944352,0.004325949005235148,7.242857575942182e-05,3.4120893631675966e-08,7.1069911095412055e-06,-2.1895701883538916e-08,1
0.31073256079595724,0.060665089562057364,0.004557475157477152,0.00277668038995934,9.733422747042369e-06,0.0005858228749255503,-1.681447439261279e-06,1
0.2522825280598952,0.036557008675260086,0.00017618585656418583,2.7623648216642455e-05,1.2682842235179924e-09,2.2699248134267252e-06,-1.4509368686588537e-09,1
1155.0138316386397,965180.8143419262,376897574.6255397,287400224.40803635,9.419791215541171e+16,280306796643.6524,-8596625274159052.0,1
0.46995937024880946,0.03535172014153788,0.022992005747000444,0.01096929174568514,1.668405297071962e-05,0.0002304504844460087,-0.00017340248770771858,1
0.32128641369821476,0.06678593998619431,0.004847747666953906,0.00051441939350661,1.1046509660998628e-07,-2.7982209708486905e-05,8.048096347543086e-07,1
0.33031946032727416,0.0781320667940976,0.005057998285444531,0.0017033937079283133,4.793818997554702e-06,0.0003787953097590375,1.4206920981165468e-06,1
0.27167085060365403,0.03662369317432731,0.007302512476880003,0.0011764129906866167,1.9711532931761775e-06,6.0080833812423695e-05,2.829086481873227e-06,1
0.565799741458332,0.28175926329444223,0.029331822464878757,0.020950900585608896,0.0005188310033492537,0.010856895479814296,2.356898916331771e-05,1
0.19913753125439212,0.0058569353991041705,0.001532257486566724,8.03568665275388e-06,-7.905151757014497e-10,-3.5273559258498135e-07,4.1248911752348194e-10,1
0.17562514478988706,0.00160674608392195,0.0006877231683621573,1.9680637762351656e-05,-2.276934911667897e-09,-7.479108957216082e-07,-2.4078938453488855e-10,1
0.23251083295203662,0.021687285488218695,0.003898019432364362,0.0006717188101104469,1.0250154773051253e-06,8.555885173369995e-05,-3.616203622013631e-07,1
0.17398981874877195,0.0018433385298232104,0.00016235733961769743,5.686104926840703e-06,-1.5727042038639488e-10,-2.317687252173075e-07,7.151296489518412e-11,1
0.24122267684916848,0.03080565703439045,0.0006138256767041457,8.403058792292706e-05,1.0944639248672289e-08,5.3329785379719584e-06,-1.563423785660221e-08,1
0.31426122001607554,0.07097535807721057,0.0002680324928306244,0.00012187956867453918,2.1719832536125045e-08,3.092466097238684e-05,-3.676304990031428e-09,1
0.2844378663898322,0.05020950616322486,0.005233546827103568,0.0022338288391819364,7.603419946067008e-06,0.0004905167937755636,7.247302266803599e-07,1
0.6967514865767965,0.2698629663665027,0.11704429845694042,0.027862005241497213,0.0015199439934485996,0.010233964256353135,0.00047045221087805395,1
0.19782949816280254,0.0031902779781632033,4.861753947724074e-05,7.088772456849377e-05,3.5982871305886435e-09,3.8006694710891733e-06,2.0906129813414443e-09,1
0.4315662477113682,0.1552668574910254,0.00770018723594543,0.0026321082276977814,1.0826067488019155e-05,0.0006655055765697828,4.817773601509677e-06,1
0.16176801170411387,7.3409373126509865e-06,0.00011932244326997592,7.866977067565909e-07,7.481554271838942e-13,-5.159765397898711e-10,-7.585262315517937e-12,1
0.49418884043406286,0.2175262146512682,0.001214868110189121,0.00013428224227302833,-3.807068347158785e-08,-5.150944390975411e-05,-3.862941438152456e-08,1
0.4396762600771742,0.16061160310785497,0.0056038767616693385,0.0009646226463344855,8.276528223159606e-07,-7.240668637243004e-06,2.0844445714872946e-06,1
0.257140897366211,0.0371020591549609,0.0007464657053685529,0.00019418057947600655,7.340771411815378e-08,3.216600178940446e-05,8.762078928121922e-09,1
0.27393518626110097,0.047452666863456346,0.0009551813409149337,0.0003401458307401963,1.9102418793215242e-07,6.872749557261465e-05,-3.317431548955032e-08,1
0.1594076603651875,3.1010987686835586e-06,9.446247287897032e-06,4.982397597644491e-10,-2.7093132839959684e-17,-7.634880054256931e-13,-2.084025352524343e-17,1
0.35923274591143184,0.10165337786280498,2.7887213480930276e-05,4.4625031884646155e-06,1.1888607247075021e-11,1.3861170821440172e-07,-4.8341349285561735e-11,1
0.24046047241353374,0.013829335142267762,0.0020765173211660507,0.0011505471317788244,1.629985511276607e-06,-0.00012054981623491917,7.111822896003869e-07,1
0.16666065794091758,0.0020841939854336685,5.083735579136531e-05,1.4625080092756263e-06,-2.0045144345115362e-12,-1.6019434246656665e-08,1.2450358588054822e-11,1
0.5574539673274196,0.28068819277306234,0.012295033322159582,0.007085836745378472,6.55251773866074e-05,0.0032918610662158493,-8.983120604611833e-06,1
0.5147133032438245,0.2244334256989377,0.012770197737748517,0.0015354190887055842,-4.353500869892479e-06,-0.0005857637754446768,5.2222783131993005e-06,1
0.2756836893006368,0.04278078561574761,0.0035635431220232584,0.0007886496094939094,1.1593201401431696e-06,0.00012389656516008778,-6.355691208289116e-07,1
0.6226675661295171,0.29105718896090843,0.022900341300059066,0.022278749143581203,0.0005032191535765791,0.009965543257889188,-1.5155992202822276e-07,1
131.14530245077734,3103.5566009949366,445410.695245402,306705.95965365577,112696202825.01738,17082401.818956744,12258902363.993881,1
0.24979124355444204,0.03324126704835872,0.00021659806829027234,0.00010757431550763712,1.4892264804617215e-08,1.533769544422187e-05,6.91794673807976e-09,1
0.3234402841494809,0.07127810389569761,0.004569436325130624,0.0014750547668418972,3.749600322739022e-06,0.0003725461723129794,7.782456000388517e-07,1
4.368927407796384,19.039231340093007,8.30354100207199,8.248203757447957,68.26069990982023,35.98794671096039,-0.005858579046331247,1
0.4528195190456582,0.16713533499142857,0.002264410397524658,0.001074204087084426,1.6143868163465968e-06,0.00038100614529251535,-4.4786330041736357e-07,1
0.4657302242225703,0.18565557264574817,0.009544994073457928,0.006324892636395512,4.913515126350845e-05,0.0027001275971341105,9.148849586168494e-07,1
687.1470895122833,348342.3001488073,164153149.5697363,87125266.18196048,1.0047144888077572e+16,39968771125.45175,2760038773692825.5,1
182.68246993143015,19821.048818549873,6112621.33900573,3857815.9616784146,18319270868271.72,359209322.6114224,-3919155566099.6875,1
0.17156864231597785,0.0010756031116597132,0.000144118017500478,2.9241609909402286e-06,5.972188850470028e-11,9.342800297790932e-08,-6.0643253013116746e-12,1
0.2147175605108337,0.018045200125680325,0.00034205508794107355,4.531723114663272e-05,2.8600818655705402e-09,1.3180825259268855e-06,4.863492683361186e-09,1
0.26775514113365567,0.04161538893263045,0.0008421153047788505,6.639155827231288e-05,1.169667213795698e-09,-1.409505401641933e-06,1.5654752657920372e-08,1
0.4528668963314846,0.17572945239790275,0.006198735715517842,0.0030872457346076466,1.3279392614759362e-05,0.0010751820826895393,2.4605534538781773e-06,1
0.27370344853688494,0.04205628118310084,0.005963670428541641,0.0016816046558120632,5.014712852210822e-06,0.0002616757225489627,-1.7920075369373527e-06,1
0.2369132293920469,0.027569728617722736,0.0006965119360473833,9.000369085526245e-05,2.221949269977627e-08,1.491910752352686e-05,-3.756835998052745e-09,1
0.2381085886461165,0.028932404089917683,0.0005763996104987864,0.00016134926005804476,4.915290367513719e-08,2.4537744396621573e-05,2.271193246171064e-09,1
0.2011734246284567,0.011783599917089008,0.0006463767482911609,0.00010649185716164763,2.5905100606827246e-08,9.468868439812e-06,-1.0466003657030285e-08,1
0.3354984952122428,0.0791603177953214,0.006012353494206455,0.0016159154293947618,4.462939708484735e-06,0.00023646394759079401,2.3347368919755113e-06,1
0.23099972499684118,0.023154727943933327,0.0019258841873399583,0.0002857435290591568,1.9532508509542784e-07,3.008450790125433e-05,-8.234371046801367e-08,1
0.21598882158375382,0.000885195483933242,0.0024423225024772,0.0002861990606636373,-5.3537942782372054e-08,5.63420569939483e-06,2.3321218786300127e-07,1
0.19737414780104726,0.011126292500482663,2.7445730650209988e-05,1.9942760808131827e-06,1.322612026068538e-11,1.9915813055173308e-07,6.5387928887161145e-12,1
0.22244315770556147,0.018885028976337336,0.0013084577802390676,0.00030101840213693536,1.4205284147244212e-07,2.5014401858119174e-05,-1.2454058697426032e-07,1
0.23172810313658057,0.026470414228978376,0.0007459731452292523,0.00016517213802075828,5.393585957860089e-08,2.0657375693159974e-05,2.1270320320726058e-08,1
0.29698091660095877,0.057372877526761325,0.0036611727911113412,0.0003990408663966196,-6.365815388138053e-08,-4.139026552842246e-05,-4.781016530566032e-07,1
1.0943947115789883,1.1410333720537513,0.390445767014753,0.354427429310044,0.1318471136112608,0.378551001928533,-0.00024006371509634195,1
0.4689331884106565,0.19090508865258288,0.01246625465549879,0.009365082559693014,0.00010118661559545797,0.004088286341202235,-7.628718704626894e-07,1
0.19114747593373718,0.008114432886450315,0.0005130594167312901,4.441858044367789e-06,2.0862093086815067e-10,3.9782295852291784e-07,3.7960118647944036e-11,1
0.26784663338559184,0.04483866130568629,0.0005215914116453304,0.00011707696658701158,2.339483466060762e-08,1.4201523671598689e-05,-1.7021134533725827e-08,1
0.2560816758780865,0.03831528361076786,0.0004691048334688972,0.0001171364917643842,2.4787040864552082e-08,1.7552972616126748e-05,1.181353250717776e-08,1
0.25455243629371616,0.03817860455194082,0.000440467881829543,0.0001639475397751318,4.393699979644092e-08,3.1563483317169987e-05,-3.2488989825554895e-09,1
0.23939755898687587,0.029312335517511473,5.2231984296170606e-05,5.108461713119459e-06,-7.86850332421783e-11,-7.445888356749638e-07,-2.778191541505501e-11,1
513.9613791607343,208366.30849133374,37239011.24878842,10183789.219125237,142453455137001.75,1588901001.6451533,137975470663133.08,1
0.2594126991422467,0.040378465644574625,0.0005107776973727746,0.00012528281578777457,2.831931134442513e-08,1.8394966700093584e-05,-1.4227297775035166e-08,1
306.00903766125367,34672.708015879594,7541443.555981543,4626704.859243568,27069470049438.312,496530737.22698504,-3762518210737.7734,1
0.26300818260029823,0.04190997039838801,0.0006075119403871256,0.00014933785876845076,3.927851146820517e-08,2.1253839692077285e-05,2.1920733454265516e-08,1
729.6623080371551,376593.5981557781,61475406.5984192,36712700.99671652,1727242842024638.8,20334398681.78569,242013654432905.7,1
0.2555711670900187,0.03856111003005283,0.0004901178262153265,0.00017468357691322614,5.0988864223985485e-08,3.381785308723869e-05,-3.555038715351176e-09,1
0.6355230619767975,0.20341748368447235,0.2050251543521661,0.061450432258432316,0.006881697971819303,0.027364863927880807,-0.0004664558517844075,1
0.2594126991422467,0.040378465644574625,0.0005107776973727746,0.00012528281578777457,2.831931134442513e-08,1.8394966700093584e-05,-1.4227297775035166e-08,1
0.26712949969554683,0.04389956137971523,0.000922019271915102,0.00030664827596135904,1.5865090369142918e-07,5.77418886244407e-05,3.763530284110586e-08,1
1541.323284842308,1814833.0324446647,477768314.8238712,377661902.1260916,1.5906156218654576e+17,503593190385.3214,-2.0846569127131644e+16,1
1772.4200385473237,2339034.053630327,126771293.54816811,66673392.8843105,5348468343700572.0,76980419692.14743,-2994515235567680.0,1
0.2581899700771715,0.03985227209046122,0.0005191069052775245,0.00017238927687982148,5.042755493958061e-08,3.1215134038072916e-05,1.0792844622789232e-08,1
0.24293046752183806,0.03251499278089455,0.00047647170251004304,0.00014875619991657851,3.931982591429697e-08,2.5890534979182964e-05,4.7298175544220105e-09,1
12.593833377058507,138.88246041741138,953.5165101250346,1501.147278354874,1795857.7876831703,17396.96580414081,-20070.676998847746,1
0.2547445281820639,0.03812766332334795,0.0005376999891574275,0.00014241809592268568,3.680300139836815e-08,2.2493203408856852e-05,-1.4098521610412067e-08,1
0.2612237902732751,0.04147582611895049,0.0005091301466879482,0.00017025842245297176,4.9440294868105e-08,3.254871621011878e-05,-8.272737127237563e-09,1
0.31068068137682603,0.06976184492401692,4.44665202277856e-05,1.1627379022557791e-05,2.3106331773982113e-10,2.3008002461015066e-06,-1.2849115844611024e-10,1
0.19153836007449745,0.009313078431166046,3.0426000376877763e-06,7.366644176953933e-07,1.070508158992132e-12,6.594310319843516e-08,-2.652345365267423e-13,1
150.21147347597437,18487.964443904635,5584528.646090301,4484881.606267207,22428699265331.363,535162821.9318074,855433621143.0537,1
0.24720149776436096,0.034764836484498525,0.00041424028172754463,0.00011216813496549805,2.3023475871503977e-08,1.7873877291792136e-05,-7.3839196811120696e-09,1
0.3592865035041148,0.10091934228610021,0.000906543305344226,9.183750874713868e-05,-2.5005673409758016e-08,-2.833093584841411e-05,8.769088632241876e-09,1
0.2919302186165663,0.05055616563619611,0.0018290175363738794,0.0007696563733567677,9.034073798736987e-07,0.0001558408430050568,-1.3320869449050703e-07,1
0.3439987562174429,0.07723469967955755,0.010718064407563135,0.0075015929679936744,6.719556872737614e-05,0.0020603774940376137,3.0529880644698154e-06,1
0.2566382144221028,0.03927906507793525,0.0004663887826359279,0.00013475799281085905,3.251866551518318e-08,2.340380225819824e-05,-9.157926277300787e-09,1
0.2678734627253531,0.04427036127560803,0.0008683042369291678,0.00028950019316017003,1.4221051281312797e-07,5.608278212504611e-05,2.9050583789007335e-08,1
0.25630447808608603,0.038647786521852155,0.0006656422480430434,0.0001693512579213261,5.171295535751533e-08,2.4940313479237667e-05,2.363839319787484e-08,1
0.558675112579988,0.2851889180738907,0.0016069910336710637,0.0002659291064400168,4.59290784123714e-08,-2.0976255555894287e-05,1.6766536916658978e-07,1
0.24756032941846395,0.03405811932775388,0.0002167203973638317,4.89435217278582e-05,4.417773766844031e-09,6.9040623009444525e-06,2.427375101175622e-09,1
0.7850687853449634,0.5891851833317527,0.0001785790079283839,0.00011376685012304643,1.621271793856132e-08,8.626969023119976e-05,-3.169554714750971e-10,1
0.24314177806634457,0.02899842678777161,0.00028276462921521576,3.767014886880243e-05,2.285243333071136e-09,2.5026334312657424e-06,-3.145309855915654e-09,1
0.2800923017568376,0.03451300964433006,0.004019514369004343,0.0025154009091822847,7.543218822461204e-06,0.0004627386574609448,-2.6594416979677752e-06,1
0.626549054168192,0.35304160425064834,2.561791120982852e-05,2.7776630030110334e-05,7.39391504097706e-10,1.4277899371937671e-05,4.809250042988748e-11,1
0.20478431838415656,0.013145083500621192,0.00025599029490150225,7.444026374508951e-06,3.1514735393570175e-10,8.103401090035474e-07,7.923435359933305e-11,1
0.1613490735209278,0.00020647342998706983,3.470310785634874e-05,6.643344752798003e-07,2.465368817048759e-12,7.239678204842844e-09,2.0240611666574473e-12,1
0.1621985204275344,0.0009602331661876262,4.087421424147791e-06,3.888444837485086e-08,4.114412080318561e-15,2.188404662953527e-10,-1.4946056386640153e-14,1
186.61281132754235,22888.29710890245,1591450.6699027729,579495.7751391716,548708779231.0184,68802481.87367003,92847568644.59726,1
0.16533899893379236,0.0019375318919240853,7.523565921380487e-07,1.4082568743643608e-08,-1.0658490846096526e-15,-4.0971460389903766e-10,-9.824333564022358e-16,1
0.2613663070511138,0.04128188654614665,0.0005716972021463547,0.0001682418083632724,4.980216942834205e-08,2.904589594577278e-05,1.556417938307625e-08,1
0.2582789897933298,0.0398274528957296,0.000474210751767881,0.00012094787225887803,2.6117963858275438e-08,1.7752435269145487e-05,-1.2524374197790526e-08,1
0.26123705272182945,0.040914127561503956,0.0007201177298453377,0.00024319617397742106,1.0053388771568731e-07,4.655003760324222e-05,1.5839356986753773e-08,1
0.3963949876352102,0.12049285578626061,0.0018413760861056116,0.0008200362605482918,9.978300842887612e-07,0.0002831106155729068,-1.4051927175015836e-07,1
0.24404924471615255,0.03252475192905339,0.0005160702622974709,0.00011185290178255313,2.3949977575374667e-08,1.5185903393677244e-05,-1.2189631961672545e-08,1
0.6468341009510578,0.3203710618534121,0.06652789402953695,0.017734570028125132,0.0003889587808383161,-0.0008072569042345125,0.0004688171761634188,1
980.7687718453878,651193.810673292,940336254.6632568,703670418.2153671,5.693203238492214e+17,560218239566.172,5.924484819627289e+16,1
1167.0410805496845,1140765.0686307247,53954723.627630316,7670471.795556791,63684688728507.17,-3393078752.4573812,142457283336505.75,1
0.5739080171377415,0.29768083306708465,0.00538371217213407,0.002689915521576293,9.956981929404202e-06,0.0011575235213876485,-2.3755383231489653e-06,1
0.25971351022893435,0.03154746604424135,0.007290887609652951,0.0018416654959119625,6.71115004524194e-06,0.00032128931028416646,-7.088890724563422e-07,1
0.24405229195814623,0.023404805814863046,0.0002172689652729539,0.000341141331770526,8.22059903793648e-08,5.109064276474707e-05,4.3220384433095016e-08,1
0.5834691513068633,0.30728099159725614,0.01648545784729549,0.013255754768413838,0.00019593542100896166,0.007337331728824079,-2.796944634769588e-06,1
1320.9803946479653,1211280.544191341,871315797.991763,753447712.2007606,6.093731188339292e+17,829131588845.7961,-3.665271176051981e+16,1
11.61750277339811,121.19797313407224,367.525762250218,128.17660270563198,24470.905843280194,766.7157035428539,-13233.549036252534,1
0.253354208287437,0.037106514362762626,0.0004977542924452382,0.0001313702081927073,3.09042563639062e-08,2.0063147931161408e-05,1.3169572178700064e-08,1
0.20990545070467834,0.015469145960099448,0.0014228586783385584,0.0001943507649711438,1.0120893494437424e-07,2.3629455744347802e-05,1.4214153603407051e-08,1
0.6415422610225434,0.24932178046714465,0.08755146972942862,0.013004009941763612,-0.00043852469532914325,-0.006434289464672067,1.4990702893381442e-05,1
488.3824326740686,172425.67204880435,14279859.19788574,2936832.098894659,-18773822646235.25,-1219473420.1205158,-3042074929931.19,1
110.85881486345666,11844.292927481274,47665.896672568895,33988.4915415349,1363258824.6620939,3066939.2108667917,-114385375.55905354,1
0.31432496663126896,0.001982855389742292,0.00010988857244423335,4.7712499657447995e-06,9.155129756933302e-11,1.7100254554397166e-07,-5.961620103849801e-11,1
471.31656198750443,72042.17050222406,44180456.29436824,39338022.58168091,1637400552887953.0,10548240164.217712,-91629944878052.38,1
0.2379754425931384,0.029680986469908733,0.00034791197868887664,9.560026742132142e-05,1.731573746138096e-08,1.4801071275128824e-05,2.036276226058097e-09,1
0.1945360700157624,0.004288687563052273,0.00012825062885337524,2.0800664248433263e-05,-5.9900545130833e-11,7.886690377621901e-07,-1.0726782469070566e-09,1
0.6208810943151953,0.3554777044251933,0.004802476896141763,0.001957083944214185,5.681614513030412e-06,0.000871080711345518,1.9283471058341745e-06,1
0.2203339682339614,0.021274246541982997,0.000590122785757047,9.699191593893114e-05,2.184845959695238e-08,1.166342680596407e-05,7.816604013406742e-09,1
687.1470895122833,348342.3001488073,164153149.5697363,87125266.18196048,1.0047144888077572e+16,39968771125.45175,2760038773692825.5,1
1.1800628540257532,1.2190732187619808,0.1843436905573578,0.029215124286859642,-0.00046718693797321366,-0.01662226137711188,-0.0020924848380634705,2
0.2690084868186656,0.04419300035435629,0.0005129967387915337,0.0001026506982265808,2.2054751787471663e-08,1.9298539999595787e-05,8.274631620539002e-09,2
0.43920753399534984,0.12283326851056663,0.09339515618554349,0.06519919373105461,0.005072784469253325,0.02284865892232673,0.0003899078450376436,2
84.85072821272797,6851.174902757295,67836.60674802859,48362.74279098963,2754694663.5479054,3008253.0452088118,291919789.5650536,2
0.42413079687507893,0.10441265561800538,0.040854151161559875,0.006255272668068506,-1.1162853083724268e-05,-0.0002342966187355572,-9.937209575715009e-05,2
0.5044841648518115,0.20075039184747934,0.0158910335172884,0.010624462531754399,0.0001379039322966796,0.004758445641312419,-6.349647998644323e-06,2
267.14929495454925,7515.0938082905195,15721565.441373074,321673.13363174116,-519284743856.47766,-27439569.025932264,-503617523274.3136,2
0.24410982526916897,0.011820570284032893,6.440012710808189e-05,9.135682242745996e-06,1.8249888653805794e-10,8.179603222792522e-07,1.25687483386996e-10,2
787.8220062952249,305962.9064189057,375457995.2427254,108673438.11553228,3878454478438532.0,3459168259.7553215,-2.1606236716795536e+16,2
0.34403475708452347,0.09171523387725493,0.00015202444337557896,9.37023418356994e-05,1.1169019958109094e-08,2.7915427858681582e-05,5.712581868308878e-10,2
488.6026383048308,63602.481960307305,48868496.17050585,7975238.770632034,59796616886049.28,33916506.55061346,145648290558066.38,2
0.7184542548601581,0.453394485916049,0.08201051581826754,0.0579509862241893,0.003994985203356425,0.03894556237266543,2.823120722464812e-05,2
0.2960624565956492,0.04367852804437362,0.00029603093404775973,0.00023712345542413298,5.978834288493918e-08,4.914365176407038e-05,1.929495035798518e-08,2
815.3509941692271,505596.01452033623,101215666.67504308,66191261.68508928,5409030522155105.0,47060929820.22672,-308546838019485.0,2
0.1662111495671742,0.00029449087680381717,0.000408946031645526,1.5578161590729113e-06,-3.888765681043769e-11,-2.2260706743540545e-08,5.811056771654155e-12,2
3.948908427389051,15.265508098252468,2.7457595233528833,0.7056553170711163,0.6879429527090808,0.7786947500564861,0.7011000560333858,2
0.3980526338758194,0.11161835333106454,0.013888334913852395,0.0021269907802638896,2.9639058575430405e-06,-7.129480588983844e-05,-1.1174010213270906e-05,2
0.6869898467745801,0.4452764155678896,0.0006996697101027459,0.0005083696405343321,3.0274643963096774e-07,0.00031791279904832203,1.6408045781305627e-08,2
0.24284618706149114,0.027034509600056104,0.0033019265263754057,0.0008220109266601044,1.2912532347027862e-06,0.00011612567890581082,4.0825072400954754e-07,2
196.19460994642242,36164.014291423126,9874091.341480725,9200260.996220803,87686670867507.44,1716835350.7396622,733884607909.815,2
0.48080246818424593,0.1999017457246949,0.002788439294279466,0.000974404619356233,1.4439613935473183e-06,0.00023669744198370367,7.033739064643548e-07,2
0.1847289661495022,0.0016276809799006112,0.0021337659707907387,2.4080119127991414e-06,-1.6695316323422325e-10,-9.683841070645683e-08,-4.382031930265004e-11,2
6.326816801765667,39.92607272963788,11.204220113609642,10.526420189659087,114.31541425940995,65.67414285776246,0.6525050188266732,2
0.24926110544227348,0.017024032184560483,0.0024091548844815255,0.0005711661599103207,6.548662990200374e-07,7.41781487014883e-05,1.4160768940306596e-07,2
0.2173729406117739,0.01879978062888354,0.0006662804599908936,5.4147551808395955e-05,-5.421897769953365e-09,-5.157192760908382e-06,8.739598770297599e-09,2
0.21775904470770363,0.01983113083169072,0.00035291626601459153,2.063743399526896e-05,-1.1403883274802437e-09,-1.5154369494553465e-06,-1.3421970229485218e-09,2
0.20160058527408203,0.012004400544257967,0.00034413212728139346,5.721268966800573e-05,8.011019974311077e-09,4.67885692890854e-06,-5.20097038084801e-10,2
0.4326983682929378,0.1571942422615179,0.0028917778982344875,0.0004000639133119362,-6.101530342107128e-08,-7.383070937921076e-05,4.2595733061042344e-07,2
0.25253736867249055,0.03246887049319997,0.0032686956926110847,0.0004285846010552096,3.0016372962028364e-07,2.2401769218422246e-05,-4.08935248828047e-07,2
0.16371169139835418,0.0011186750617150783,2.5513270877891746e-05,8.421128727932822e-08,1.1967311152524284e-13,2.510987003558216e-09,-3.0241696197596066e-14,2
304.0722274160728,18656.081787997045,24209414.699104074,9722095.18347097,-91716851263657.94,-1085798765.5797927,117620712405197.55,2
0.24917864310155685,0.03525693792659891,0.0004881539150482086,4.13740549236057e-05,-4.202351528287467e-09,-6.43294984562717e-06,-4.112609598934523e-09,2
192.7071923543275,7745.153974107373,443410.3782037123,269669.5611682602,-69358147731.712,23022092.325391833,-62330482852.948456,2
0.16611940389726118,0.001242751801162146,6.0231349662295395e-05,1.3531819334813856e-06,2.1043834337643816e-12,6.0622869470987314e-09,-1.2033852547629913e-11,2
1.0818517772175076,1.1412970547203547,0.007961528105701282,0.006283249597032905,4.440544400305086e-05,0.006255391202667327,-1.7538272455331425e-06,2
2.782433553450296,6.507493082702693,7.303322363514349,3.9285737964043226,20.46671693342529,7.143440357767055,4.891977938816075,2
0.6891083762246232,0.4442129008546065,0.006317775041313286,0.003309097534618041,1.4843558189422276e-05,0.0018082712217551487,2.9314825647272283e-06,2
0.45724685334674975,0.1826188055736183,0.0006980651060460575,0.00043263891045384735,2.3656885186004662e-07,0.00016868721336956097,-2.3756151896139057e-08,2
0.31276580108147894,0.02597387335701296,0.004162953006030596,0.0019416635587535544,2.105125693726963e-06,8.267034317881369e-05,-5.103138614840741e-06,2
0.69693929350106,0.4263261191213869,0.049547373437234025,0.012971185109649407,0.0002373550235780956,0.002324120763632288,-0.00022758719313980855,2
0.2655301073835833,0.01818492391291432,0.006390970367773419,0.000684111965827931,-1.3828968022677526e-06,-9.068340683448725e-05,-3.6578377711660406e-07,2
0.28420638324684133,0.04897387653559171,0.0022114455996097055,0.0008024398622464288,1.0550824789648053e-06,0.00017629999306204255,1.716168177377488e-07,2
0.18125615305208884,0.007126523083588222,5.947102389060154e-05,5.100358244711789e-06,8.872644295214695e-11,4.3046091414585853e-07,-4.262824313989371e-12,2
0.36463444392068023,0.05993133803768275,0.011420355107117084,0.004363825582880916,3.068510992762962e-05,0.0009643686939791053,2.730934565566951e-06,2
0.25766991420299923,0.03695758863893032,6.513483741575786e-05,4.180433627681231e-05,2.0471526245328157e-09,7.117307694342633e-06,-7.534889859637522e-10,2
0.22652629819627834,0.02446384327554429,0.00013889428110946836,9.461760220794612e-06,-1.9783769070949247e-10,-8.285382781117929e-07,2.802007890694181e-10,2
0.8464072020805473,0.6877745024731339,0.016553260309803655,0.015146550121930214,0.000239827369280956,0.012469806960347166,-1.8992773386791895e-06,2
0.9271139115960112,0.8318598388993241,0.0022335202795134737,0.0003140705690509131,-5.116760029890155e-08,-0.00014908759762907123,2.580239997674195e-07,2
205.13261150984982,3945.438944561013,1928981.406190732,53923.414676855245,13278335301.010544,2320679.2087798016,-11231225008.554905,2
695.1228916343367,126371.26348939603,158200283.176036,175074917.74494022,2.5966325617830724e+16,60409014819.423515,-1.3217183741651096e+16,2
0.23514656740010942,0.028122044896489288,4.520318646186569e-06,2.091337077249584e-07,-1.9769168135433343e-13,-3.499209751821406e-08,-4.758916366677482e-14,2
0.2884061047307223,0.0570989912078987,0.00014720264669392858,3.798096288481077e-05,2.409420752060121e-09,4.937277347542722e-06,-1.503283648037533e-09,2
0.21068505868598503,0.017207976220710033,0.00012666677470801247,1.6216410831838427e-05,3.931756836774319e-10,9.792198344808236e-07,-6.209496656552113e-10,2
0.1747645946099763,0.0015096126191449274,0.00047685536933028097,9.690272218661544e-08,-1.4239051606539558e-13,1.770467238115044e-09,6.431406499614466e-13,2
0.24883424490346484,0.03241952951133526,2.8178582757774305e-05,1.5988071494508534e-06,-1.0540371973033983e-11,2.791068561452455e-07,-2.015460111075715e-12,2
0.3006767277236586,0.05576640102224778,0.005852596887116232,0.0010354954146249385,1.2963718766205292e-06,-4.784901773958769e-07,-2.1949080006017027e-06,2
0.29431049337587617,0.06048501127329829,0.000159087104716481,4.305354348642581e-05,3.085185671884785e-09,6.161209574327676e-06,-1.7825477397153205e-09,2
0.27260094153762726,0.00944664431718972,0.0017292072450774206,0.0013172336413596396,1.5653363654161203e-06,8.724256679483924e-05,1.2255165793627982e-06,2
0.35404096357856535,0.09111172502645817,0.0037480449322906343,0.001893287131115767,4.971468417742694e-06,0.0005210567839003768,-8.490107689891612e-07,2
0.23255261043171116,0.004226297362992,0.0005699475720955501,0.00018302025275662798,-5.820233367615369e-08,-4.399390941236481e-06,-1.0323006383791136e-08,2
0.2664952996852811,0.04411763182940432,0.0007328284477681674,0.00025814508293197833,1.0947103452900219e-07,4.907074140538049e-05,-2.4951435137601514e-08,2
1602.477291374874,2217777.907842167,737849163.6106807,674361209.7361796,4.754614595779646e+17,996410115396.8519,1.4695716104591032e+16,2
0.38319291925337484,0.11944403352591262,7.664880151940356e-05,1.5723707047895077e-05,3.6661755925154466e-10,2.0027466370910886e-06,4.0442546790571957e-10,2
0.7364403887693282,0.4182130627819053,0.12560243396946583,0.037074850516829023,0.0018277544946576395,0.007970162690021524,0.00174932653825874,2
0.26733313467057357,0.04557078424929139,0.00034638585775724446,0.00012913492685017773,2.703733943797092e-08,2.6013084707758084e-05,3.860138198966392e-09,2
240.86707359671436,29780.860869021522,29835291.693039827,28181173.09370458,809313690986980.0,4816744221.596012,-112922539602279.1,2
0.25543277784569335,0.025832074208762483,0.007315066133157704,0.0005028720024771482,-6.670467300989824e-07,-6.658793059272639e-05,-6.966198907637115e-07,2
0.35905346064034693,0.09970218162479733,0.0012939509426321176,0.0004914315763746339,3.6234295455972813e-07,0.00011346310098842024,1.4925748207737694e-07,2
1.692778722272441,2.82830335663459,0.4795839796995299,0.4459840024068213,0.20625379231462626,0.7397126267556958,-0.0013506873841714062,2
0.25330618237896696,0.037429074532803606,0.0009191655088114754,0.00032691667079977116,1.7858193747436422e-07,6.176016606887574e-05,-1.49422035607245e-08,2
0.1829571040174178,0.0032059955772368496,0.0013518429985974263,9.377619017311045e-05,3.314258297362792e-08,4.620043826338612e-06,-4.0481219953254734e-09,2
1.191734255768575,1.346183921444209,0.028055185097792694,0.022576555653220653,0.0005642230816954208,0.0230447427600878,-6.701838233634229e-05,2
0.20465585624769553,0.008692565196741036,0.00191615830212694,0.00034666077455472964,2.326301622975343e-07,2.4084610746273317e-05,1.603415562266845e-07,2
528.657329516965,156115.84756587207,17123900.83291623,3267936.8463902664,1881306297308.5151,-375025759.55878437,-24373729425938.758,2
0.7419716152391483,0.5002194077205824,0.0312692912370522,0.013661511827617144,0.0002683400269550997,0.006727164723781392,-8.787641438163341e-05,2
0.5833876427506655,0.3053935188798903,0.012708886303476311,0.01045605103551989,0.00012051973239715096,0.005746847515573088,-1.7756341364017204e-06,2
1.1602902330253737,1.3147530474930338,0.012468713053015728,0.007215861265975093,6.756347485376397e-05,0.0067958142026592495,-1.0950981952933081e-05,2
0.6378770609808365,0.3750046312587163,0.006447399165847672,0.002090041905595745,6.791834759457767e-06,0.0007910723846168229,3.568606086120118e-06,2
260.5715412029122,16377.803310670877,1678563.575162364,2460781.4576507537,3918431342839.1187,-312651489.62137294,3107794398293.9106,2
381.0109502749174,88752.47832777254,2636190.463728341,261397.10501744354,-16201396070.18939,-24004112.19146119,-216384238300.44955,2
0.22894433168931838,0.009754151023966085,0.004360535220510768,3.0650999578458985e-05,7.460119136177752e-09,2.8886579752971494e-08,-8.361405622172383e-09,2
0.2853862736116703,0.05463007203707991,0.0007443227309008509,7.068867651480003e-05,-9.960692237694568e-09,-1.277684498227255e-05,-1.2794407659905162e-08,2
44.63148952486739,124.85966269158371,52198.244420123316,3511.5417843475425,47532604.81550945,-29405.045874911157,929912.9252795856,2
0.45724685334674975,0.1826188055736183,0.0006980651060460575,0.00043263891045384735,2.3656885186004662e-07,0.00016868721336956097,-2.3756151896139057e-08,2
0.5214559668628463,0.24307754876133475,0.003437817903569508,0.0018581106638869554,4.643132632697707e-06,0.0007642886481658601,7.041581191580271e-07,2
1442.661270903151,1537129.5409005906,499626981.1160688,214669502.0391813,7.028449592284487e+16,265064627545.18158,-1645085741125483.5,2
0.23435955131131375,0.028105383999728204,0.0003052012322986282,5.918726434929911e-05,7.066788301002071e-09,7.428668046281995e-06,3.6525573795710104e-09,2
0.27239669657747256,0.033670807948719426,0.007255744818477801,0.0010593951236635406,1.600628733545515e-06,5.6721272007082265e-05,2.462703881067632e-06,2
0.20188897544948076,0.00222629841648587,0.004737226259199476,0.00020501444617311543,1.986533851299329e-07,8.894113988856292e-06,-3.684097551570638e-08,2
0.6014222417490183,0.32879282916139296,0.04035546906687924,0.031450183843966514,0.0011200402586452008,0.017720228980647876,2.967241902157217e-05,2
0.19514257316734954,0.009937646727398525,0.0007149130841097806,0.00010766626019895848,2.8755661452620007e-08,1.0056160487167396e-05,8.085380883264296e-09,2
0.23439830685646065,0.02824677726053183,0.00018089944349285192,3.3102140707920666e-05,2.3319312177527214e-09,4.194228039958177e-06,-1.0600151568195997e-09,2
0.43199398964325875,0.1476507582335482,0.033508303885252264,0.02171284636977244,0.0005854780977186818,0.008306758470908148,1.4906118561243935e-05,2
0.7385253326623683,0.40999866783385996,0.019310730899481415,0.012127045958325304,0.0001795688781091082,0.005947301346739932,-4.685156048226941e-05,2
0.17013679291670075,0.002610418338677066,3.6489095516101236e-05,5.932924645357027e-06,7.736103056135099e-11,2.2543896119761205e-07,-4.044165604454562e-11,2
5.672468934650673,19.042266268303116,222.06154175568653,82.83473636967244,8429.833086566483,129.49060077303758,7426.4981060817145,2
0.2147163564283923,0.013676660628781393,0.001609847228640641,0.0001663801184500715,3.4842039611573343e-08,1.3257620420007505e-05,7.874422637801542e-08,2
0.26292837078988507,0.04143213073631774,0.0005303907227953003,0.00022218752140974626,7.627050559473054e-08,4.522076406640031e-05,7.470349860405145e-10,2
0.1851945474686732,0.003604036230087366,0.0019030131113024415,4.987408614087982e-05,-1.514965577598753e-08,-2.980488928167583e-06,-2.56358590416681e-09,2
630.2979014537559,71371.91979217398,49648185.50176255,3093013.74365719,-6908284737339.42,646269982.5628469,-37701026339235.31,2
0.21068505868598503,0.017207976220710033,0.00012666677470801247,1.6216410831838427e-05,3.931756836774319e-10,9.792198344808236e-07,-6.209496656552113e-10,2
0.29995927584998494,0.058254651398549996,0.0015915079626719131,0.0005459177010198909,5.014907917676679e-07,0.00012489734398219527,-8.626551761258223e-08,2
0.5447987850017938,0.2697209972979342,0.007597615519655246,0.006362529837094492,4.4233719929839235e-05,0.003282691188098288,-5.194198829755799e-07,2
1259.2662145372092,1275955.7275273134,110612879.94754465,53368398.73176566,4097080919438486.5,60277771441.62791,-165624214529466.56,2
59.06317376205671,150.56953979148977,44496.177581513344,389.69286503272474,-877317.4941269836,-354.3534486120652,1365119.6778388873,2
0.20188897544948076,0.00222629841648587,0.004737226259199476,0.00020501444617311543,1.986533851299329e-07,8.894113988856292e-06,-3.684097551570638e-08,2
0.9022884462453646,0.7754413117308006,0.013688062659858422,0.013950083045523264,0.00019276793250826442,0.01194358696971921,-4.881242879164381e-07,2
1.5697459304309078,2.426928553242933,0.142664425787279,0.11338653758884099,0.014409446566574863,0.16630994797125442,-0.000581034972754471,2
0.5261809650161625,0.25020230096584783,0.0012213920679586925,0.0008876701716516846,9.237541578945697e-07,0.00043734412457445854,-3.126350907536922e-08,2
0.3348827613349439,0.08043961287146806,0.004474221677562071,0.0015752897415724483,4.1452798353972506e-06,0.00043013902813740534,-5.540924601864928e-07,2
0.7487968629945805,0.38229866722259254,0.1469079688624126,0.07704645580256482,0.008128474792733424,0.04421574294634659,0.0010572123604960047,2
76.37045363266115,5818.852665416415,436.4857223669157,262.56584813294666,87915.32565131217,18259.790894901602,-13112.759986091858,2
0.4212274883296273,0.12999484682148438,0.01160527452633571,0.0040501019602368045,2.2953384927352415e-05,0.0008891234185202709,-1.5624985931729685e-05,2
3.419492187771217,11.59432295817112,1.5806143324730852,1.0953985842768472,1.436118249892696,3.336142531258288,0.12276446114306494,2
384.1508470782248,28999.045847531874,10139449.31372243,6432477.573903809,-48711701437134.76,-1091453771.7973711,-18050944546000.273,2
0.249468836535507,0.03249922237444529,0.0018516894785106882,0.0005548281748493384,5.618605204496639e-07,9.945979030209622e-05,2.3923382186049944e-08,2
0.1829262887969858,0.0009971620621691659,0.0009302711416342599,0.00013379517851511613,4.702853675853745e-08,2.6034771130255465e-06,-4.049388020085454e-09,2
240.46486461725107,4194.23046493185,6426920.630301864,812885.5288121838,-1277230453065.9238,-21727253.070751667,1349386503767.3574,2
0.29598985381894133,0.06147826858735908,0.00032664349744070446,0.00013932787858845485,2.9349455538197214e-08,3.181314562458094e-05,4.698074107649034e-09,2
0.8175196538566027,0.6248931105725911,0.0817735182456034,0.07771442530553944,0.006195089351075469,0.06074439872208702,4.454550251149899e-05,2
0.5667681701033223,0.21745062819177585,0.04523048711669233,0.00980952144681373,0.0001161154862074968,0.0011803631851639734,0.00017091509223363487,2
0.7771820975731834,0.5711847653423502,0.0015517547352414316,0.0009872131087285312,1.2120333748375076e-06,0.0006215066449752889,1.5479466742481642e-07,2
1.4998690316737369,1.714397801998064,2.0609386825096516,0.959937368249577,1.2704803389199724,0.8617989243178982,0.45706618446384706,2
0.4258456461053329,0.1534622183992993,0.005362923942282008,0.0037990767383220183,1.714707993082927e-05,0.001486339083245183,1.9383147720684576e-07,2
0.2171347986723043,0.020006419515632767,0.00017836261805535995,1.2359442456694148e-05,-2.73508057477121e-12,-1.394684650572145e-07,-5.802904390057894e-10,2
0.2820414564654962,0.051066800625767836,0.00034551945640532843,4.3787281287251215e-05,1.5006359480795536e-09,2.321470989749989e-06,5.172620470587805e-09,2
0.21768618878876972,0.021267988958492096,0.00020898036576152618,4.5991353552564646e-05,4.4299950482096245e-09,6.147952559377667e-06,-8.396359149662088e-10,2
1019.993014238444,457079.97686784563,1346035435.409371,351362171.5855876,1.7227442322321152e+16,-72408759623.64474,-2.4102060723982154e+17,2
0.17039538690851913,0.0016691742115061826,0.00039087530389955797,1.3750844816963743e-05,5.074577066514665e-10,9.857992000119834e-09,8.710895978673361e-10,2
43.12142441258954,1854.0869506841302,49.205610527927945,32.76110594281452,1308.7481879145648,1232.1535272293747,-131.73532483721647,2
0.5044841648518115,0.20075039184747934,0.0158910335172884,0.010624462531754399,0.0001379039322966796,0.004758445641312419,-6.349647998644323e-06,2
113.10150355795744,12689.068546613022,32983.652650632626,12075.677964961706,217076175.30981845,769709.1303660474,-104684436.7821944,2
0.3107372101181957,0.06590385738954066,0.0019188376144517118,0.0004579640728379438,3.8534997091639144e-07,9.718496255365273e-05,1.8923112687486943e-07,2
16.273279663380503,261.91784515373615,9662.801988426236,9808.97987242806,95496425.49354963,158666.46297423376,89133.13008682989,2
0.2820414564654962,0.051066800625767836,0.00034551945640532843,4.3787281287251215e-05,1.5006359480795536e-09,2.321470989749989e-06,5.172620470587805e-09,2
1.2903351376475298,1.2028788520452245,0.9016096200524208,0.18355526967345148,0.013768707574363425,-0.04233826192190852,0.07339193240659718,2
1.2903351376475298,1.2028788520452245,0.9016096200524208,0.18355526967345148,0.013768707574363425,-0.04233826192190852,0.07339193240659718,2
0.2663348739403562,0.04501474070869422,5.0206487502583095e-05,5.206702107967674e-06,-2.29571081606476e-11,-7.210504836908794e-07,-8.099219831387707e-11,2
0.5999798372884407,0.320136663804732,0.011549682326962041,0.006445043041584692,5.480914561783022e-05,0.0026989657224513624,9.38161266596476e-06,2
0.26716770848502414,0.013079419482178915,0.010268074880941296,0.0009261664263327176,-2.1313035545248767e-07,-2.158893189915766e-05,2.8481673982717254e-06,2
0.7637581629088092,0.5049883666073188,0.11403446243824768,0.09382746587767937,0.009700119284286737,0.06635503409095403,0.00031984677057779237,2
0.23632517499465705,0.02815156445490012,9.679298334443923e-05,1.2748245421762383e-05,3.0992089715554717e-10,9.026570976184688e-07,-3.2324343580397604e-10,2
0.2690084868186656,0.04419300035435629,0.0005129967387915337,0.0001026506982265808,2.2054751787471663e-08,1.9298539999595787e-05,8.274631620539002e-09,2
0.46840583269156627,0.19189604957830278,0.0013111193134683063,0.0010469205712963512,1.226555231794653e-06,0.0004571081777886676,-5.644355748212113e-09,2
81.84220607558592,6521.117500186803,45731.53393652469,32036.613708690948,1220051690.3243954,2069880.2423589567,123103308.86481038,2
687.3565574964787,313464.81264278386,145660478.95267528,111253441.85908629,1.416119846600893e+16,54364851622.70528,194693814429908.0,2
0.2960624565956492,0.04367852804437362,0.00029603093404775973,0.00023712345542413298,5.978834288493918e-08,4.914365176407038e-05,1.929495035798518e-08,2
110.42860631657564,11893.751115135101,581225.4510843899,541700.5233393924,303939615026.75397,56686530.5117718,3187773365.4392853,2
6.326816801765667,39.92607272963788,11.204220113609642,10.526420189659087,114.31541425940995,65.67414285776246,0.6525050188266732,2
0.32859530660691527,0.03875774179802955,0.20313400430360332,0.22424477350738697,0.047857131058565185,0.04185907091291506,0.0005449019813524789,2
0.17676535559859985,0.0022306544411795767,0.000795591465429507,5.057179883299509e-05,-1.5034316225015576e-09,-1.2565048571720437e-06,1.003193304249074e-08,2
0.19820584715972328,0.007250465721052231,0.0016777882788217083,1.2580519220416517e-05,-5.558241464617381e-10,7.76302550446584e-08,-1.7411846390837897e-09,2
204.33502777590945,4815.173776038765,387002.0060726261,1385628.4071044158,415563951716.1692,95549183.53289008,925673313164.2627,2
0.2661361182528614,0.042616247737365644,0.0002011744714840281,2.6298463647025393e-05,1.2972433712262472e-09,3.6505398491484773e-06,1.4057642251720714e-09,2
0.2029469678838191,0.00974753464373665,0.002520102296122191,0.00016407796654097526,3.8698272805595924e-08,1.419652867408455e-06,-9.815464938564455e-08,2
0.5626518497158618,0.2869758306581284,0.014037270400267584,0.010272792331360397,0.00012328018031539806,0.005399344676338591,-4.434883837423766e-06,2
0.26612279862231747,0.04488876345729511,5.117931440200136e-05,5.230764226589518e-06,-2.5808625559318974e-11,-7.474367056013723e-07,-8.160034192733283e-11,2
1.2931341761586748,1.6372328510395504,0.007387294273766184,0.004540675029574289,2.607101852749883e-05,0.005173295387833117,3.448005355360925e-06,2
925.0040035461075,484417.56544754474,27012071.268271666,27170807.221310373,274331768779102.3,18429833232.576122,-683063066931242.4,2
63.5692297025052,3580.977697004129,19366.343824499723,1284.309267047223,-6404236.222308484,-74709.24949113787,-107258.52497812032,2
0.7633662982148848,0.5507288542502621,0.0019284819512162513,0.0014638576659455145,2.4552966762677516e-06,0.000995078932000296,1.4462321556229244e-07,2
0.227269328019466,0.024449880541315794,0.0004588947082712852,4.466016168663604e-05,7.273554248366528e-10,-4.8684303199211536e-08,6.351966214908881e-09,2
1.0894742142950964,1.1590551665886548,7.082355586542286e-05,6.254869259546485e-05,4.163084526962341e-09,6.700030954921612e-05,-8.887490938390955e-12,2
452.1041548212305,43127.20642647786,6325624.406976936,916980.3991521086,2158179488438.3213,-184309371.000914,-468622686597.7261,2
0.5999798372884407,0.320136663804732,0.011549682326962041,0.006445043041584692,5.480914561783022e-05,0.0026989657224513624,9.38161266596476e-06,2
0.23847264638674748,0.02111154314754722,0.0021247465793095776,0.0011986959583961709,1.866302873508283e-06,0.0001560311795442725,-4.2014164497593065e-07,2
0.21305317380571276,0.006036263154424718,0.0015072002483366347,7.435605681408136e-05,2.2372049083518646e-08,-5.650810486529477e-06,-1.0913463653296993e-08,2
0.4812587115963769,0.18921080392098782,0.01851759617339196,0.0045288271402772855,2.9511238597377494e-05,0.000568140989143167,-2.914000428208009e-05,2
0.17108834980891255,0.0032275197192040105,2.418761908197777e-05,1.2180940024412306e-06,4.960888036268885e-12,3.9044616590619597e-08,4.3709379372790846e-12,2
0.28061212036343697,0.045793866661746896,0.0010232605770041036,0.00017504195233135225,6.10564735783851e-08,2.5122637565144533e-05,-4.19534165467381e-08,2
0.7637581629088092,0.5049883666073188,0.11403446243824768,0.09382746587767937,0.009700119284286737,0.06635503409095403,0.00031984677057779237,2
0.23632517499465705,0.02815156445490012,9.679298334443923e-05,1.2748245421762383e-05,3.0992089715554717e-10,9.026570976184688e-07,-3.2324343580397604e-10,2
457.2844129846297,45678.508144682026,101450934.110558,33424853.59787415,1900100154093920.0,1453216648.197145,-422014038771144.0,2
0.8177777451541332,0.6386912767164019,0.00313865293060021,0.0006540181023137168,4.691832765331434e-07,1.4404027466448312e-05,-8.111125802100325e-07,3
0.22181383050360845,0.018286400350873772,0.0027996671428524083,0.00040104331028560023,3.7879561843490675e-07,4.1505317010193815e-05,1.9260913535478776e-07,3
0.20525779007279515,0.0138374773291371,0.00041421656755824055,2.3531674545582242e-05,1.5929725153173438e-09,1.966280150573281e-06,-1.6911107221715835e-09,3
0.2261954086702251,0.018952129752599318,0.0025107944856017665,0.00041043950051505753,4.0802145546868255e-07,5.238986822248778e-05,-8.439222791026979e-08,3
0.33654003933225946,0.08420135738948023,0.0027169548524568344,0.0002841147557669125,-1.4588674170823964e-07,-6.0227712960764114e-05,2.0255351188963894e-07,3
226.94722087138788,45095.33142840039,3152695.3441201393,2293553.0318932114,6161739020817.736,403527952.5349201,-264871423474.81396,3
0.18883955131169347,0.008572961447207594,0.00047148581019186304,1.5375188813207973e-05,-1.2681999769650617e-09,-1.4224496885313395e-06,3.245764800243109e-10,3
3.492048729509448,9.763643616256235,10.541734269114965,3.610089894402028,17.873125990006727,8.044975537141626,-13.286594505643386,3
0.205736381490001,0.010576699206875775,0.0018365696357185491,0.00011704274457684004,-4.5429987312709837e-08,-1.186517017281835e-05,2.967852984047481e-08,3
0.17839694490677488,0.004388847186993193,0.00036699069049280864,1.0185405737440385e-05,-5.380180221928288e-10,-5.014850280935517e-07,3.1356140300423027e-10,3
0.17273449242288128,0.0015709622264376136,0.0005604449627994569,2.130407089314121e-05,2.2213715989726465e-09,6.860638031804063e-07,-6.960807215485168e-10,3
0.25589276256773547,0.01376696934754722,0.004685799090980226,0.0007036476206330745,-1.2231008366568421e-06,-8.090800338795214e-05,-3.694723934807198e-07,3
0.4276495390221715,0.1566090410158536,0.0012544967769755795,0.0007826431232733319,7.733206073971727e-07,0.00028979006050791406,-5.8066366600075346e-08,3
0.24401673473749524,0.013894069853936219,0.00492989319922212,0.0016508355860600555,4.165472891687542e-06,9.511297077238616e-05,-2.197315159168409e-06,3
1.9111970343278915,3.5068061008826206,0.4473002926771522,0.1284604990898753,0.023917651395741073,0.07288939295563872,0.019394935408070524,3
0.18347601916259185,0.003714646683806079,0.001098663217641581,5.785004370871857e-06,-3.8893659897208804e-10,-3.447280344923461e-07,-2.478554478049936e-10,3
0.662881417604338,0.41033140052002715,0.0067786995666105476,0.0030825546935590196,1.3574411271315834e-05,0.001469250333976988,-3.7801339774139106e-06,3
1.0933000335966745,1.1617258042966252,0.05198640893635507,0.0415208067872508,0.0019277969575722598,0.04272359497696054,-6.953066167458052e-05,3
0.2801975809488952,0.05117066541143156,0.0008725792034260254,9.358278215271285e-05,-1.2267192734781532e-08,-1.2975067882575046e-05,2.376254807390591e-08,3
0.16463802074716316,0.00018319493127217246,1.326953640525338e-05,7.350248343314683e-07,-2.144747870977432e-12,-9.948400620808906e-09,-8.182078673278928e-13,3
0.7776172885345973,0.5501149091626998,0.031959430084578355,0.021014080873396263,0.0005339593663846292,0.015052279461435412,0.00010704881334946347,3
0.7146557797625195,0.4767662042054322,0.003423739798687025,0.0028171347053823695,8.742542454144053e-06,0.0017791743695295726,-3.3785187225081163e-07,3
0.20512833168139663,0.00821352507357046,0.003817079224213511,0.0003259824806456229,3.622307597346091e-07,2.8934359181155184e-05,-3.184324309147482e-08,3
0.2881139942721041,0.05342719798965739,0.0005066738578323947,9.135450532216601e-05,8.834093042575087e-09,-3.961828370854796e-06,1.7557140890530555e-08,3
0.2688465249211575,0.044849430127836216,0.0004256015963515572,0.00013707761828021963,3.309755850409551e-08,2.894642640997167e-05,8.858263086817896e-10,3
0.5929871295992046,0.09909447885655077,0.0026023825714646515,0.0027895005551242594,-3.4410224852917507e-06,5.33501576272766e-05,-6.681812841010428e-06,3
0.20728543363484409,0.011705761000740425,0.002342944670736538,0.00019918338033010491,1.1593336060119081e-07,1.308386973963635e-05,-7.123450067006712e-08,3
0.19334893321781038,0.003281224560782146,0.0012667948768675331,1.60114628594302e-05,-8.161066249111464e-10,2.489650365614624e-07,2.129300820090444e-09,3
0.35338624092805876,0.09848974466963369,0.0006661125491302445,9.519441002769299e-05,3.986994627762272e-09,-6.316008725963979e-06,2.3637374748306276e-08,3
0.2656678975671572,0.03837433664566321,0.005315825028853928,0.0018726784435415776,5.898147275623457e-06,0.0003642537073923907,-3.5028525900827705e-07,3
0.20909349368788427,0.013572598857421729,0.0006896658012402421,7.729085258942194e-05,3.9513283437237495e-09,2.930003496210174e-06,1.7401827755809822e-08,3
2.200957242160281,4.805204438776879,0.1984828354515805,0.1934767984645635,0.03791443597146149,0.4186647317333981,3.786590361144586e-05,3
0.2801110676532881,0.04565143156201417,0.005594843445437837,0.0018344854288007543,5.828042780270154e-06,0.0003594568288399363,-7.580143918605334e-07,3
0.16530827344498572,0.00023182102979281757,0.0003650526225460701,3.90052257564336e-06,-1.3551536269501053e-10,-5.179243647015697e-08,5.743560640302974e-11,3
2.1476387993681434,4.583094301528478,0.007557711058370026,0.004632419442888112,2.7165894069657134e-05,0.008390724791438495,3.648986634464365e-06,3
0.21495261223075585,0.018086889465801333,0.0006557139716439499,0.00014555585766047984,4.338864944174414e-08,1.743449290503585e-05,-1.181224600633339e-08,3
0.1939279595976977,0.011059188954766805,0.0001639337656809499,1.1619176396638061e-05,2.935945032981968e-10,5.841738888866063e-07,-4.134694160641424e-10,3
0.2141601267313921,0.014604844220770985,0.0022970097603170025,8.64315525905813e-05,-3.561979297465754e-08,-1.0001158794265014e-05,1.4641115904020406e-08,3
0.1656451616943462,0.0001829753956967791,0.00026944881419627067,3.350358049235279e-06,-5.7558359139646236e-11,1.2957891084089514e-08,-8.25851860632972e-11,3
0.2191793880663233,0.01589281482594975,0.00339394997897667,0.0005182515559508426,6.869822659560866e-07,6.53338900499875e-05,-2.177808418732209e-08,3
0.19413564651199328,0.00345924529249564,0.0026377837457873783,0.00010898122491753801,-5.753616673265115e-08,-5.95347291955612e-06,-1.0189752827854819e-08,3
0.18176618759796298,0.00657880560309246,0.000336516461989064,1.3947953340531911e-05,-7.733179084602333e-10,-9.274881025552669e-07,5.613557364955388e-10,3
0.2622035165681681,0.03954075617350154,0.00274353164371825,0.0010239764072539508,1.716028690819011e-06,0.00020328681269743268,2.977571775379444e-08,3
0.2712513897154891,0.04409437563014866,0.0010396147153340556,0.00026938942119610705,1.425625325108534e-07,5.656743556878212e-05,3.885689785299276e-10,3
0.3853400320321329,0.11404551286201314,0.007600444519780115,0.0009322170346616057,-6.295056635188623e-07,-0.00018436689055885107,-2.4002123955590575e-06,3
0.24032629755957774,0.028188967676674174,0.0017942359231791205,0.00029149852520741164,1.9973850457675224e-07,4.047142444578702e-05,6.742419475948126e-08,3
0.1651594668469625,0.00037723498578563265,0.00024617307717302,5.71330096415158e-06,-1.8885231984191784e-10,-6.034318575978623e-08,1.0121376950083284e-10,3
0.3353101527848604,0.08640057400124485,0.00042662311403648696,0.00014434163690180626,3.3604141072506116e-08,2.9584218237178634e-05,1.2399187536412884e-08,3
0.19217515615860353,0.009282809988661343,0.0009732514186971304,0.0001638232649601903,6.541406745417875e-08,1.5754190775298952e-05,3.05425447316129e-10,3
0.23681026570150343,0.02648318141721356,0.001646449201449721,0.0003376814841525235,2.5154899422936006e-07,5.492117060974656e-05,-1.0968310773454751e-08,3
0.5091783452288128,0.23101232748205897,0.000566001678328152,0.0001311632988167894,2.3464628633120817e-08,1.9654711987609598e-05,2.695549770138623e-08,3
0.1747311084289757,0.0028481902270587897,0.0007578145087523884,2.7210297895930117e-05,2.532065951451521e-09,7.298600806481096e-07,-2.975896822865433e-09,3
0.17430576049360416,0.00358270017344107,3.368195641752047e-05,1.9503427699760257e-06,1.5737431155950757e-11,1.0370972335081469e-07,1.4874413622913077e-12,3
0.5335610661758802,0.25310525192520156,0.016837786245491794,0.012462707459469641,0.00018048782929921587,0.006240405646640443,-4.121007361401077e-06,3
0.36079547000503087,0.09232047890849512,0.01638421034918045,0.008404985345408173,9.82850289167313e-05,0.0025129422501364617,-8.266836658592212e-06,3
0.2979703172348211,0.057543504161101273,0.006468425679595956,0.0031281190517842435,1.4041249471024232e-05,0.0007220740742400471,-9.141467632770786e-07,3
0.21492500795345304,0.007159155963936626,0.0019655939847530095,6.886208290668658e-05,2.3424272765762547e-08,-2.5582014881368994e-06,9.651659418801514e-09,3
0.9063360247484222,0.7409708639433095,0.08462594048751958,0.01007104855555328,-0.00028881217225691625,-0.008587764311750424,-5.504616913329118e-05,3
28.102758493721076,185.3683379057478,1303.9099303817163,522.5658124413793,378737.6073584443,7104.097769892527,206459.06812932488,3
0.16864623297721026,0.0010215101791623137,0.00015732630897116105,7.937724290517465e-07,-3.549161964987023e-12,2.2539264021513193e-08,8.12945167712028e-12,3
0.8984178845258047,0.7693615246131599,0.0038540566500194964,0.0023713248512402477,7.093413661797593e-06,0.001784267253932167,1.0368112967252447e-06,3
0.2029844354925749,0.013630232414658355,0.00010556315815237956,6.7217919562849484e-06,-1.4023410006867923e-10,-7.235105951814739e-07,1.1133147190866214e-10,3
1426.5661113233243,1497647.9528042683,14167419.514906742,16007723.11030906,221734414204927.6,18439916766.7025,-94592136904077.25,3
0.2629549603951323,0.03507385363123845,0.0025961907354791636,0.00023566355420799376,1.3213597480607496e-07,1.271532139532752e-05,-1.2852758529112395e-07,3
0.17771541789878148,0.002318415553472707,0.0004946851702952048,6.323202321416865e-06,-2.4670842206780126e-10,2.712096540408795e-07,-2.533795644261797e-10,3
0.2825455744000236,0.044883872321658705,0.0005957125131550345,0.00012682308437999092,3.4792248757094815e-08,2.2991808808018614e-05,2.1573976968847957e-09,3
0.205736381490001,0.010576699206875775,0.0018365696357185491,0.00011704274457684004,-4.5429987312709837e-08,-1.186517017281835e-05,2.967852984047481e-08,3
0.167487500997151,0.0014680052001248244,3.8680641921776025e-05,1.1076271371127577e-06,5.776399503492601e-12,4.159043721385064e-08,-4.381268972945495e-12,3
0.19779342301000244,0.009071406180544797,0.000418326017304649,2.1496786736850985e-05,4.1689706576192137e-10,6.650270925951052e-07,-1.9954482929153544e-09,3
0.17284499252146515,0.003441001536978813,0.0003273392280567604,8.340519748813115e-06,2.468345051353848e-10,1.5092837525137222e-07,-3.591596523956036e-10,3
0.32097458733502693,0.029595233654765386,0.02905785768450541,0.016798942501950558,0.00036909666737663336,0.002840585242436302,-3.902948979613911e-05,3
0.19369347286061278,0.006070442486372142,0.001950792872787222,6.335882940545753e-05,1.4422834763135703e-08,1.916289651390094e-06,1.6975106133179965e-08,3
0.8110050528673097,0.6266165516249887,0.006384624656045811,0.004338145863576975,2.2767500302660137e-05,0.00309771224023863,1.7008924606431075e-06,3
0.18492642097692008,0.005636828991666879,0.0010201356774433153,5.0667758656870054e-05,1.1199406928903256e-08,3.1086391527982294e-06,-2.6958881872463437e-09,3
0.23023264212074762,0.026742881297660573,0.00033678479302770505,0.00011161667591850111,2.1529843372983634e-08,1.8012891840357488e-05,2.1869231801640653e-09,3
1.8290571942047806,3.3174793550473187,0.00666457819954897,0.006383077982332004,4.163227086906354e-05,0.011577401414793296,1.0791333468581604e-07,3
0.682009683384018,0.4337508380402268,0.022698821655879872,0.01865730244892057,0.00038387344125811887,0.01205722226545706,7.678642841168673e-06,3
23.778153667110413,405.2557610346217,2912.9594401310833,882.9418487033424,1415820.5613129965,17185.54106143845,-22971.556809733855,3
269.3844848941956,43220.46956753556,16940207.36430048,8525395.008603906,97307506312164.52,1503562651.488021,-32065215752837.855,3
0.19303230613901473,0.010066925231601912,9.00530650325487e-06,2.5007320232263597e-06,-2.745543925416592e-12,1.6733266973637198e-07,1.1545282179996983e-11,3
0.19752861825010082,0.010416805880590543,0.0006816106934977239,4.612028797156494e-05,3.924743471874923e-09,1.1898866005654342e-06,-7.173805064955313e-09,3
1636.0531532833122,2251713.1497314805,267401044.68402642,41513636.07405037,836331649939671.5,-4593198599.35147,4293186488752188.0,3
34.42668947065973,1160.0990369610086,89374.27761447876,96040.84138044497,8897648154.246145,3269418.2535834676,-73898662.554178,3
0.45867960058386015,0.18224363604540567,5.6257483682916114e-05,6.510758470544642e-06,-1.0144545618714933e-10,-2.4815360445638857e-06,-7.235587507440961e-11,3
0.18055691157708298,0.00012192773285814624,0.002546334399318638,3.6288044279103795e-06,2.3036712867322188e-10,1.896868508226579e-08,-2.6192999562313007e-10,3
0.23799467878272068,0.012674794287646333,0.005959908898983414,0.00010479435795757992,-7.944704716956241e-08,-9.187449377017602e-06,2.3389070003495666e-08,3
0.5110928541582668,0.20170171994430253,0.01851914262040237,0.006757317404167978,6.760346149630827e-05,0.0022155532494738334,-3.3820398059613305e-05,3
0.3693687695392566,0.10140918300774321,0.007636862171027007,0.003469577404957671,1.7763315470463015e-05,0.000968024740978493,1.8522543270923919e-06,3
0.192771021117765,0.007362184441125971,9.742546815635656e-05,2.3069807348731548e-05,-8.942311667629395e-10,-1.5580973979647368e-06,6.297239805761221e-10,3
0.17462718700784274,0.0022790102351691135,0.00039617095018155377,1.3866565839609062e-05,6.012390374486487e-10,6.146816630078203e-07,-8.335566754140649e-10,3
0.19410466624516198,0.009430995054153046,0.0008783698939854136,8.699775951766242e-05,1.890007061975323e-08,4.559021283524813e-06,-1.487117531578149e-08,3
0.890346651347931,0.7517094519476086,0.05310460430678894,0.035285601431525454,0.0015190662682286003,0.02665514130646241,-0.00015966042803673366,3
0.41580525504967525,0.093983103203709,0.001534237466162377,0.0008608084249471105,9.458752455916858e-07,0.00012770199577015576,-2.8971635460896776e-07,3
0.1793546154187251,0.0035658832832336056,0.001028030521749163,2.9070201680227485e-05,-4.9990821418624795e-09,-1.7328445673110302e-06,-5.141389312066059e-10,3
0.2069436733496059,0.004656937871006258,0.005565617730656591,0.0003866164025455189,5.207685156959922e-07,2.1875519693191225e-05,-2.2456271343858052e-07,3
0.24170092274287874,0.030105124101574836,0.0018050114248066742,0.0005485093268138827,5.44140545124841e-07,9.424287254695306e-05,-4.224524790744372e-08,3
0.27524356325012,0.04141620598740069,0.005630721827144558,0.0019041070624747226,6.232903652404344e-06,0.0003868802033439303,-1.5174471178473267e-07,3
0.7642870198516867,0.5558576090695282,4.2529479072528595e-05,5.6764761222263535e-05,2.7886906190825675e-09,4.227348575665911e-05,4.747284080301187e-11,3
4.555489586725734,20.39291649124865,17.847563932005322,16.34419374891172,279.1355754600258,72.36947667225591,-2.647664160141524,3
0.48885328369333914,0.19738133522620227,0.0045568201838572485,0.0010426440836726085,1.5036172074570557e-06,0.00022151714192239483,-1.7041517229147523e-06,3
0.195869936047871,0.008516316076412218,0.001243391418997216,0.00011971733102885779,3.958218389648907e-08,8.758279796922105e-06,2.380511294957951e-08,3
0.22485504846145127,0.02399246387131895,0.00017804989477713292,3.28183250280973e-05,2.1345914637169332e-09,3.950883370344144e-06,1.3179532394150908e-09,3
0.1836301472480841,0.003940801177973425,0.0013345516255585106,2.17651826976123e-05,-3.023496316887253e-09,-7.800680208254361e-07,2.1490913083625264e-09,3
227.5721132973073,16055.159230788842,9102104.857282547,3237319.56573544,16198956209879.697,201680204.75709262,-6812410287330.558,3
1.3308806097071904,1.716096267336531,0.7454813100948151,0.6862290773585094,0.49081627871107203,0.8969812862137174,-0.001853292672968354,3
0.18654004907286637,0.007324947813455896,0.0007086138666278594,3.4750798508573036e-05,4.586368685189641e-09,2.426910876261285e-06,2.9500325285297095e-09,3
0.1901857926181595,0.007835375416286636,0.0004386439693587138,1.4229577738031339e-05,-1.0006940047059633e-09,-1.2590884608051556e-06,-5.122891487711806e-10,3
0.31685729699226395,0.06403837436684907,0.0007130860892479929,0.00012647581386831643,3.7976628349195755e-08,3.198409438930851e-05,6.611367139730433e-10,3
0.25993467530574554,0.03863759305474384,0.0015168339499776532,0.0007164144907147029,7.345618707586398e-07,0.00012251221020265663,1.34751628948872e-07,3
0.37897536579335805,0.10514626599706232,0.008270052743155386,0.00100337607481658,-1.3121193414233272e-06,-0.00022900349607561795,2.575352331017983e-06,3
0.20740741103833388,0.0011533197598438743,0.004295916059046896,6.05390576523433e-05,1.1325917669331938e-08,1.718482241354042e-06,-2.872067007858828e-08,3
15.59324598567289,136.9838259449348,918.01476096226,226.48197211754916,97295.82738271791,1083.4290865800306,-34616.029504745726,3
0.17775866840892784,0.006238491590697655,8.449519035549673e-07,2.7336781432698273e-08,-2.4290614464520916e-15,-1.4848236304843681e-09,3.3706061036266804e-15,3
0.22044715992571523,0.01792216362108473,0.00020428291508876715,2.7424520346854763e-05,9.828364089668316e-10,1.6212550426823325e-06,-1.8021077807589295e-09,3
1.060453589188794,1.0878150147882022,0.0051476653835653184,0.004510380926887078,2.172811773648214e-05,0.004696133007763494,-4.7300398422162957e-07,3
0.3007871632802679,0.0634125737857055,6.516151178104894e-05,1.5412479345754147e-05,4.049811666954868e-10,2.1116661252844886e-06,-2.7305003862806954e-10,3
1.2581080503017201,1.3916865028305665,0.3254400343254777,0.044303809807348916,-0.002245949554003999,-0.031172829886935455,0.0048224699588558725,3
0.7811886730160045,0.12932119573868617,2.1325528576787787,3.4443470481068568,9.190843417866395,0.9971048069269939,1.6337047862326723,3
0.35212077422056265,0.09641320005844028,1.0826568804594104e-05,7.873661829941919e-07,-1.7888508835952926e-12,-1.6800307948727626e-07,1.4438566273918028e-12,3
0.2560578916336265,0.03631055972816012,0.001998840271156117,0.0007013619652395532,8.162636477991004e-07,0.0001309707262758951,1.5272693780611657e-07,3
0.32121849055664314,0.07295824276386256,0.003337551902130795,0.0014166549728051934,3.071523511052918e-06,0.0003766248931424761,-2.3396603323378314e-07,3
334.98717619264113,58549.885553277934,22225606.768137097,5373413.515931146,27317967094533.76,-241961203.18158603,51980993690899.81,3
0.17893298979014818,0.0017185282387442167,0.001402405182335103,9.040681995032663e-05,2.894395966407144e-08,2.858525813778774e-06,-1.4089965592675084e-08,3
0.1839067902666636,0.006536180064743228,0.0005425590954974543,2.0529879542937325e-05,-4.877877032822231e-10,-4.628504626326672e-07,-2.111100645053677e-09,3
0.22664907464634657,0.020565861488945514,0.002766905054950061,0.00048338639327594716,5.585649162310623e-07,6.928347846150584e-05,2.2913365390637118e-08,3
0.27232749300435866,0.048480025739729184,0.00018698826366427143,8.273752590101199e-05,1.028508907433344e-08,1.8056143036652033e-05,-3.511092666422852e-10,3
0.2673419261579877,0.04389218435151419,0.0006264299807307506,0.00028647821356751415,1.2005674233628374e-07,5.869638647773121e-05,-1.7734128243510047e-08,3
0.17866337811306687,0.0010645106723177501,0.0012853691073017592,2.0356142510653553e-05,3.160386373646891e-09,4.1593802475947466e-07,-9.241646861698454e-10,3
0.21938283600482383,0.02081614026161968,0.0005164680137458684,0.00010895743161613863,2.5475734178952072e-08,1.5522463875908898e-05,4.364024589250113e-09,3
0.3779737311749157,0.11155607913222285,0.002949450709979593,0.0015156632087281294,3.1377554148747916e-06,0.0004697973137189262,-6.511453264941137e-07,3
0.516787326594228,0.2397430566512545,0.00023682140401038278,0.00016577062893624478,3.2842778725510686e-08,8.102381346733706e-05,-3.9845290411813036e-10,3
0.4133914569678111,0.13476731820076515,0.008736072330814039,0.00445270057686095,2.7536235336288436e-05,0.0015165126485013902,3.604259104202099e-06,3
0.27871971302949033,0.03507978013010843,0.005418037738242136,0.0029785754699333663,1.1949378288404216e-05,0.0005510558576145679,6.2255599071827e-07,3
1.7999773444296951,2.8616008288472723,1.0427089705382713,0.15771208017686908,-0.014724866059955447,-0.15612752361905113,-0.062237488309702445,3
0.4705371782327547,0.1957122561318597,0.00045315514362981324,0.00035678136373632207,1.434469397602903e-07,0.00015686205245941744,1.831899287640051e-09,3
0.19474451507049034,0.009998710830582491,0.0010198033076597069,9.445833813561214e-05,2.0878476073733142e-08,4.192623025405853e-06,2.058087193523537e-08,3
0.19099961359076828,0.004650141382435354,0.0008526962257122186,0.0002447845972246595,1.043475862676585e-07,1.4933949492384715e-05,4.02292512202586e-08,3
0.34566712786889037,0.08322958311602541,0.009067200542339374,0.001879142157290328,5.951133584976613e-06,0.0002171230526920078,-4.974951868582116e-06,3
0.22195407920835802,0.02069141277145417,0.0009270991411800922,0.0001784749459826346,5.9121672752417745e-08,1.675622246362695e-05,4.213314976202759e-08,3
0.24728656738916893,0.03456979297213745,0.00039654283854131906,0.00011244093798445027,2.305964624919486e-08,1.6316432401548914e-05,5.6544474776181926e-09,3
0.20740741103833388,0.0011533197598438743,0.004295916059046896,6.05390576523433e-05,1.1325917669331938e-08,1.718482241354042e-06,-2.872067007858828e-08,3
0.212560713463315,0.018599326519673193,8.868258315419887e-05,5.004793695006047e-06,-7.626922117980484e-12,-4.896446442881027e-07,-1.051621002333366e-10,3
0.233386369887975,0.02301994412126285,0.003168066665786605,0.0004697634889530087,4.944369078922854e-07,5.23999268730542e-05,2.8974821776409344e-07,3
0.22062337721605646,0.02185289376210464,0.0006475079334743785,0.00014594613046633269,4.32177872925879e-08,1.7609935261134364e-05,1.2046819807568379e-08,3
0.2721923132836066,0.04371085434971323,0.0033665655606934936,0.0014364166476757809,3.149899694129352e-06,0.0002891168108880397,-2.3618683838780627e-07,3
0.24370861453529902,0.030801995577026862,0.00168983145111128,0.0002052112877590168,4.6844237679553436e-08,1.6153466396327716e-06,1.1139473458514105e-07,3
0.3534074830041643,0.08674973859774414,0.0026358801039271665,0.0006976854192222011,5.745847085698679e-07,5.922927862417953e-05,7.516784569644752e-07,3
0.23628299006809012,0.018899151067276767,0.005542637564025109,0.00030530857212543536,-2.443011074711492e-07,-2.5081175713546038e-05,-3.1313564472221755e-07,3
0.2701798869579052,0.04710687966396341,0.00018457518182124545,3.36513524061768e-05,1.9777891593931803e-09,3.0469808668096653e-06,1.766918779126584e-09,3
0.2755729524780475,0.04923988804466018,0.0009153998547749,0.00019327757687344523,6.49211471509868e-08,2.1593709307932222e-05,4.8934052216502465e-08,3
0.30376409322222453,0.06552294912018262,0.00018594156907379702,2.1349823673077587e-05,1.2902134667503855e-10,-6.330617241339019e-07,1.3389760076450537e-09,3
2.240120764311571,4.702878782652691,1.046314242832124,0.1472634481644211,-0.020249119130353682,-0.1999194018120764,-0.05414347616068353,3
0.2867473787635069,0.0466652689372343,0.006790286426612923,0.0017876628679616227,5.877165822678353e-06,0.00033131456874795843,-2.061836633288923e-06,3
0.19645344950095212,0.011292850781744681,0.0005538735363353441,3.800455168384774e-05,3.980252692233556e-09,2.8288938328463682e-06,3.8158432514825894e-09,3
208.06701258083683,14710.687794616608,4519227.702142235,1156087.4143059151,-873984171844.9932,-122379670.44507103,-2493804009436.89,3
0.17201086345450806,0.0005972451339200757,0.0007043276918761903,2.452294111933092e-05,-2.2236575520270954e-10,3.1031508855588656e-07,3.215215146622467e-09,3
0.34967469476417556,0.09620356880236453,3.704466142207812e-05,1.2631778944513615e-05,2.561521878689606e-10,2.7804454768061677e-06,-9.513894896427597e-11,3
0.16431720707019704,6.121809993587568e-05,7.374343239167093e-05,3.84498521456956e-07,8.138069510308444e-13,2.21508222100509e-09,1.8787187241895564e-12,3
0.24979257662888527,0.03254229777436259,0.0005626769042216644,7.706977926082167e-05,8.204745066973612e-10,-1.6614364493150135e-06,1.6028300094795966e-08,3
0.19278052443177235,0.008483971842334147,0.0011793151374525747,7.382954127257327e-05,-1.5377189766260779e-09,-2.4563282769740195e-06,-2.1730793530701033e-08,3
0.23763503287200471,0.0006009581832694578,0.010273387836020852,0.0001053979225671049,8.928263233140387e-08,1.4621284885924698e-06,6.369510377398124e-08,3
0.2532416446942735,0.03273181411887283,0.002745730438739355,0.0007807403112658782,1.14168035376992e-06,0.0001371494463303276,5.719649138528679e-08,3
202.99188410041035,1405.3341957201656,4877924.861617799,935170.4664302813,1946819637997.874,-29608042.415573966,-446421458880.0167,3
0.1971811102316479,0.01216617510813439,0.00026521345939987023,1.1737839176206e-05,-6.642880203714965e-11,-3.713384181654932e-07,6.515298485094822e-10,3
0.19360716890860197,0.011009025345772135,0.0004324831623670166,5.645532678737611e-05,8.68095394576249e-09,5.72250941207612e-06,1.5683559169755297e-09,3
2.248188584605669,4.9936991624585945,1.0821531716126278,1.0451479446060883,1.1115034861540924,2.3343855498875845,0.0010542584011377643,3
0.31357844074239627,0.06838917951157511,0.000887339113465616,0.0002542898949563421,1.1864215501863802e-07,6.436414434611832e-05,2.2688457088913797e-08,3
0.2874755649933656,0.04239490372312219,0.005331368567594742,0.0008088042383069978,8.703622269819458e-07,6.234078593332064e-05,1.4364010400983853e-06,3
0.2266191950399195,0.01404551552505626,0.004544456949848056,0.0011401684534594028,2.248484295043798e-06,0.00012181846663966612,1.2961930372020413e-06,3
0.20705133844246254,0.015037586589753175,8.706952266395868e-05,1.095632382548602e-05,3.1490701679892473e-10,1.185897320854557e-06,-1.2388760951307318e-10,3
0.43460182283868687,0.1552225729160455,0.010092528770513984,0.007236988837420108,6.177494994712105e-05,0.0028221008548247883,3.0377327838306087e-06,3
342.0839524359573,102112.3304480899,87937429.21009015,82378672.35452552,7011376919245616.0,24925449626.42148,-36081516544334.5,3
0.17801101225878227,0.006071575359154536,1.9604477409745655e-06,6.189138541023844e-08,-9.672083528277003e-15,-2.738669663565978e-09,-1.926730761392335e-14,3
0.25004442485674366,0.031804599519221335,0.002251901985667831,0.00042511899137429715,3.6954588222697043e-07,4.59878062581848e-05,1.9091816075468742e-07,3
0.17609298656560785,0.0030734356162268515,1.5766961701912144e-05,1.4034603689083946e-06,-2.934568702175455e-13,5.2524435984744494e-09,6.595455212171e-12,3
0.16122377053466388,0.00040096240600454323,3.824258470229945e-05,2.0756002320423726e-07,2.815336234956115e-13,2.1589009973944708e-09,5.125438798064488e-13,3
0.8370217078611331,0.0049773660968696785,0.004664253345230105,0.0003481329981293016,3.654009251373092e-07,-2.4014075820146474e-05,-2.5155280645755694e-07,3
0.45665141697452066,0.1687915489643962,0.0052145567668016295,0.0006569377620615309,-7.005971281676839e-07,-0.00017456694617289196,9.937591679966098e-07,3
0.2368563921126342,0.025522415132170725,0.0031619419750104705,0.000684679436778874,9.271910080190313e-07,8.580454101846399e-05,3.9395342687575445e-07,3
0.7387090488269314,0.3238698767834102,0.21634191272610223,0.04735470501590551,0.0019651485617273854,0.007057017608517206,-0.004371709610403558,3
0.2114061415772413,0.013666790120378967,0.0003532881436328015,9.799961206036025e-05,5.8697637306456435e-09,-2.681645243487424e-06,-1.7264237586135498e-08,3
0.19242143081475077,0.004652323683360204,0.002687250514365163,6.769175967754383e-05,-8.01733531640902e-09,-1.061914868196064e-06,-2.7735202438770377e-08,3
0.23737209177105015,0.02745912117983807,0.0008247254928102053,0.00015009424266585153,3.764536992618419e-08,1.4968815169147447e-05,-3.703409713334691e-08,3
0.21240441957592138,0.016612108639416912,0.0011930866985575958,8.458739382669822e-05,-2.5307865821334484e-08,-1.0252580681128322e-05,9.033158237863651e-09,3
0.3182332335718251,0.06954670289004185,0.002697395533396418,0.0004941117567542703,4.076053249933524e-07,3.509437587841554e-05,-3.990737814103507e-07,3
266.0095815821093,35480.25293454297,6421620.3012787495,5115976.5776968235,28961873735733.54,725063328.3878682,4590736018623.281,3
0.6835259753226837,0.43950147446080495,0.0070315400625924765,0.005751312705469814,3.6565270381068175e-05,0.003740811444092987,-8.11438250023202e-07,3
0.23387456111462632,0.026856498526954587,0.000905076994773351,0.00022720569180394336,1.0180668099079957e-07,3.682019076244798e-05,1.584189085726273e-08,3
0.2808704099250847,0.05006572660747194,0.00015585890747866064,0.00019119106469040855,3.2881974291433314e-08,4.264780363697137e-05,-2.8360019870247493e-09,3
0.3014360055762786,0.05749761275267975,0.003962801905172042,0.00041761057864611866,5.2732436474964373e-08,-1.9952580701554335e-05,-5.346334447784839e-07,3
0.20371100710699439,0.008685159225694041,0.002550687739182386,0.0012551239300736645,2.242753243569718e-06,0.00011413721364292217,-1.1569289152000925e-07,3
0.801661190673395,0.6144464372104228,0.006235610676697734,0.004944139170689105,2.7441345148237665e-05,0.0037711662523421535,7.682527898063386e-07,3
0.4504075388564639,0.1518637750303884,0.0057929878689088315,0.001619674040211595,4.822354211201691e-06,0.0006263655779474048,-1.1657985102163036e-06,3
0.23871388600256616,0.03057827073067131,0.00016513148541165459,2.8693809935472353e-05,1.4279937574519846e-09,2.396438733663572e-06,-1.364551503584001e-09,3
0.33950236981066373,0.07268371115620323,0.009390621016086603,0.002770100039747818,1.2393972612322408e-05,0.00044246245092152394,-6.78223400886252e-06,3
0.23573912584785434,0.025816588269373247,0.001242258425031265,0.00010684763870598715,-1.412038375145941e-08,-8.235790748794282e-06,-3.6275929680035505e-08,3
3.064869731872403,9.327233457967322,0.6800490406431702,0.5616514219273897,0.34695383293408294,1.6290501336717016,-0.010498210807171976,3
0.17953907730960783,0.0016099905749448048,0.001154913499792983,9.83511215915105e-06,-9.123526782993255e-10,-1.5882970657205155e-07,5.160751383222481e-10,3
0.16867503448187726,0.0006974274974888843,0.0006400746230387212,2.5737571832627835e-06,-1.0180228592508249e-10,-6.796433082770722e-08,-2.3431227532570758e-11,3
0.17860311353429903,0.0019820264692556825,0.0014759411333467318,1.6930224870583196e-05,6.470392781006812e-10,3.7355109761710486e-07,-2.5968669232999803e-09,3
0.24215449272543593,0.02657320046519996,0.0009426338454205723,0.00022747728919181597,9.038479717654877e-08,3.186013059937791e-05,5.4095759355904076e-08,3
0.28223111763145436,0.050005323659927194,0.0022472986855409964,0.0002247040708375891,-1.1038400031098528e-07,-4.074750798590449e-05,-1.1538040871652551e-07,3
0.18861008871391022,0.008300012460625643,0.00029652928531986725,1.4215012694727746e-05,-7.039086218821257e-10,-9.645344398815535e-07,5.968728247786801e-10,3
0.2064189720672862,0.012393277496736306,0.0014887969044117908,0.0001552967771365721,7.353564775873399e-08,1.728757563375611e-05,-1.2981093030588003e-08,3
0.7423675124383379,0.10089537697991996,2.68641497181905,3.8068581121584035,11.968941851486445,1.2046895882868043,-2.225522585200896,3
0.5656357840976021,0.2813370940463182,0.00873786905845109,0.0070820304310015925,5.5634294846372025e-05,0.0035125366923607617,2.9187748084541155e-06,3
0.18471350475535397,0.0032669872432813385,0.0019610051346935246,5.7814559140501314e-05,-9.857656894149225e-09,-2.6221585409370573e-06,-1.6786422938673886e-08,3
0.1642795638784526,0.0009860388988203396,0.00010389189570435133,1.889492264028075e-06,-1.578598879662592e-11,-3.953451625381086e-08,2.125181317618926e-11,3
0.16921341870518986,0.0012617675098825147,0.0006396947637452042,1.303097062633495e-05,2.320890817889196e-10,-9.258008545151456e-09,1.1668815530092162e-09,3
1.0144368861192292,0.9942956859026462,0.05379721706714499,0.0478831761346973,0.002430054949245309,0.046568914942809875,-3.2247248984693545e-05,3
0.19471680998773686,0.0036769115390760804,0.0020814172477940183,9.461154218258157e-05,4.0076194977647846e-08,4.045427695198429e-06,-1.2516061870626134e-08,3
0.28802413568968016,0.055288254281657574,0.0021307790438235674,0.001171671652574906,1.8510939505071519e-06,0.0002723898755695776,2.7986762103131696e-08,3
0.17571985594025513,0.003904843117975303,0.0004188542244246553,3.1691938689051705e-05,3.3717848558438797e-09,1.861721001503826e-06,1.4012484299638935e-09,3
0.2629847177256996,0.0369844231501093,0.0034083811074846035,0.0005752657858287326,6.489459802711202e-07,6.31054001108019e-05,-4.772140726776612e-07,3
0.20770270594413198,0.016160594015564574,0.0004551277727747497,5.552306857845883e-05,7.682881168658936e-09,5.209051182349518e-06,4.344681079590459e-09,3
0.47109912884026584,0.1924988980110333,0.01558017137194209,0.012857743207360262,0.00018198131337387842,0.005639225585780552,9.911970309553036e-07,4
71.39790689262333,274.6998196452224,42345.36234447761,104908.92860595278,-6085100550.444844,-1677469.5706467538,3444438974.9470553,4
0.1899618160909243,0.0064365359580156115,0.0010712295850817594,5.756041889110762e-05,-5.07213875601571e-09,-2.0776871471607005e-06,1.3362890273633583e-08,4
0.35826863665377506,0.04781418421592222,0.015651337784561382,0.0021721767067576308,-1.1957756515536966e-05,-0.0004155864998517035,4.1742165815865454e-06,4
0.21019463689041779,0.016214535475398445,0.00015837252456508814,1.6317757058199523e-05,6.642156470866215e-10,1.5074880271254029e-06,4.969234316121807e-10,4
1.0841916910820308,0.9653450540046036,0.30640378876266217,0.03846171718109899,-0.003519335707039066,-0.033302545570129446,-0.002246685950716421,4
0.17788782892862576,0.005162181023339466,0.00018895309981882153,7.68356925585333e-06,-2.765345473124329e-10,-5.349593782639578e-07,9.612972936164482e-11,4
0.4110536543985981,0.13642468617619127,0.0049726369475775675,0.002862787716097082,1.0755062782157953e-05,0.0010242069826449218,-9.98638372865787e-07,4
0.3809203351994256,0.03841277054399495,0.006325908749524925,0.00033144154274279225,-4.475889196842627e-07,-4.1081221589313815e-05,1.7317786866289104e-07,4
0.1973152632405341,0.01157081469778267,0.0006844757796650365,4.302993251401037e-05,-2.8123356703072287e-09,-2.830183461596953e-06,6.828258226280545e-09,4
0.3799353593450963,0.0938861515445298,0.0016367368671327215,0.0001465436617355767,-6.74600079302698e-08,-4.479066112878291e-05,2.4495104322318865e-08,4
0.3904178473993316,0.11606171933552814,0.0007268172745857869,0.0001374944626109899,1.593634553947472e-08,-1.2192110979633264e-05,-4.0438170417485826e-08,4
0.18098988831206908,0.003249667642832599,0.0014199019801630062,3.6217647802454774e-05,1.629034650809362e-09,6.135927726336458e-07,-8.049969791646016e-09,4
0.2183595144375129,0.004355987535134443,0.0023032320762920886,0.00016606492569796514,4.08412544089014e-08,9.45260715867425e-06,9.42338799666241e-08,4
0.3539768691515474,0.07052622033311147,0.01600776075471609,0.002133205371983041,-6.143565305109708e-06,-0.0004316740353243902,-1.0846593102195328e-05,4
0.27957764660640844,0.04943556823636867,0.0024378969195073636,0.0009078436568011691,1.3337006345040858e-06,0.00018686519943816955,2.1293693235136408e-07,4
0.22475574165873946,0.016072812924288728,0.00017393058728231862,1.646805783348386e-05,-7.047759024231884e-10,2.0701081931875173e-06,-5.292258603987491e-10,4
1.0336669025421181,0.9529151821225893,0.31774106410425806,0.2153502370017761,0.05597546274032124,0.19714484320861486,0.0063273197187514035,4
0.23047837462314458,0.02334766991786575,0.0021284606937907007,0.0005151981426225185,5.020889180712468e-07,6.458265284055843e-05,-1.9741003786135084e-07,4
0.34142199382178684,0.06975017567015329,0.014236058984304686,0.011376325931785808,0.00013612083137346185,0.002859068131069096,4.930862244694568e-05,4
0.31523030476341984,0.07282015432912121,0.0005971485702849831,0.00022184234336551629,7.797547925377234e-08,4.6602556490165925e-05,-2.096058791369089e-08,4
0.19816886465736488,0.008956938031638563,6.69384310940565e-05,1.8947220160256325e-05,-6.250854642999226e-10,-1.4548112062355326e-06,2.541323308258246e-10,4
19.5586399076782,255.0064338191481,1402.987855955505,1262.2038182660287,1678162.6899334628,15847.46217133449,-70888.92054725636,4
0.24928816926072994,0.00918160006007828,0.00198881585938123,0.00038849128997218773,-3.390834533419843e-09,3.6944252347844834e-05,3.414662656463237e-07,4
30.198160153775333,411.1812858133335,3764.9981753655798,1473.35403383009,851337.9048776675,-543.3313222960205,-3364056.64133108,4
0.2751925346920234,0.011058116416888114,0.017267788357336993,0.0002744366163502081,-1.8466220531196024e-07,-1.239874284149466e-05,-5.681666094654311e-07,4
0.22039857161112356,0.013816426380599173,0.004935510297028663,0.0008972714484591998,1.8882059099544222e-06,0.00010447066915990641,-6.344209364625553e-09,4
0.23951279643048376,0.03079524705923283,0.000371318909510805,0.0001258148811578416,2.6896361780849562e-08,2.0745163990107398e-05,4.0117460015575214e-09,4
0.49803526989493047,0.21036895919729146,0.008692276048080785,0.006307915805936215,4.6490116944863987e-05,0.0026731992859476634,4.511058446642404e-06,4
0.16113757716201532,0.0003193799253955669,1.8654290198691454e-05,1.1546136764135613e-07,3.470208453777971e-14,7.265912108054701e-10,-1.65859708801453e-13,4
0.18816937615005577,0.0069261289529340105,0.0007750523455449646,8.388991243040027e-05,2.1378242983546576e-08,6.6436236195551535e-06,7.372840638179783e-10,4
0.7681549542660624,0.5605710125651059,0.008169748762654128,0.006166538001989334,4.372454011081186e-05,0.004281672513486575,-1.9719489686089594e-06,4
0.3598655390161353,0.09389810448767304,0.013780131360358548,0.007782106798659827,8.045798741709575e-05,0.0023448468201999104,4.582601964784495e-06,4
0.20438476166487285,0.00010107974293166657,0.0022596073578127706,0.00026264291202428595,1.9466707211286968e-07,9.533074083032209e-07,5.516387217431012e-08,4
0.2936642394285957,0.050696286238580135,0.00015083519938274487,2.5577834401158033e-05,1.2351222433757289e-09,3.4257871820071606e-06,-9.992497964214791e-10,4
0.19562911860890556,0.006052260881007407,0.002374495040482034,0.0004142856570980224,3.5672145363892194e-07,2.5859013308726968e-05,-2.039316076712011e-07,4
0.3809203351994256,0.03841277054399495,0.006325908749524925,0.00033144154274279225,-4.475889196842627e-07,-4.1081221589313815e-05,1.7317786866289104e-07,4
0.49803526989493047,0.21036895919729146,0.008692276048080785,0.006307915805936215,4.6490116944863987e-05,0.0026731992859476634,4.511058446642404e-06,4
0.19562911860890556,0.006052260881007407,0.002374495040482034,0.0004142856570980224,3.5672145363892194e-07,2.5859013308726968e-05,-2.039316076712011e-07,4
0.7004101840350299,0.41888966285754703,0.22636714632400945,0.17589596761503418,0.03506645960480642,0.11313370852623637,0.001503086941502925,4
0.17428166686308652,0.002896301762838859,0.00033005769211488485,4.245545893109114e-06,-7.476815555521773e-11,-2.229184979310231e-07,1.4023990048265114e-10,4
0.7116164141215168,0.4643371793381046,0.020996510504705423,0.00233539861767009,-1.634074162049925e-05,-0.0015868836754458792,6.50010358756266e-07,4
0.29449433085304344,0.05542961232750021,0.004925645549461877,0.0028066505049760835,1.0435462018713355e-05,0.0006599139617453556,-3.469697881943906e-08,4
0.17428166686308652,0.002896301762838859,0.00033005769211488485,4.245545893109114e-06,-7.476815555521773e-11,-2.229184979310231e-07,1.4023990048265114e-10,4
0.5852078168082872,0.28140073760028894,0.11144701078277824,0.08318103462559859,0.008007579821232114,0.04287623798794268,0.00014317853367689726,4
0.21579827543318017,0.01985795612445168,0.0002117740931050494,3.420392464069921e-05,2.2427129342222777e-09,2.8337544997721553e-06,-1.8559301232157142e-09,4
0.22651590063276844,0.012129707050834281,0.001028677838098118,1.1722917326222037e-05,9.621896103801148e-10,-1.1787315593397717e-06,8.552398998687008e-10,4
0.2507591802655239,0.032235064971487794,0.0023230519956709507,0.0006180209488034497,7.3844039399594e-07,0.00010571799310600198,-5.5400897162861464e-08,4
0.24485703963390332,0.027236727434043165,0.0024192001409744793,0.0002815409045433009,1.8166115662697925e-07,2.87054264763115e-05,1.4486927867228058e-07,4
0.31451367531912067,0.05549380623075831,0.010656421506256005,0.005530418097254608,4.1081409844510165e-05,0.0012270274917588297,1.071724403203194e-05,4
0.4764184176611551,0.19346447316008247,0.020595811920572766,0.013986503598196472,0.00023735460875630673,0.006135416810961057,-3.795938424483466e-06,4
0.670310971325378,0.3892494842707405,0.14394048171087384,0.10891600735700069,0.013625877311078782,0.06752688936607296,0.0005585479213668209,4
0.16666146949468308,0.0018257520525783591,0.00016180420787056387,5.02560423446738e-06,1.4167210633786063e-10,2.1030387975506615e-07,2.160670214592335e-11,4
0.5192954672570922,0.17492904416491137,0.05363165931801893,0.015421540916131671,0.0002809775167593613,0.002089755637275686,0.0003431497035238001,4
0.23620259796989287,0.028569748900646626,7.659915116040708e-05,6.744052172930653e-06,-1.4303316752803022e-10,-1.0847725925871993e-06,5.511009699750933e-11,4
0.7116164141215168,0.4643371793381046,0.020996510504705423,0.00233539861767009,-1.634074162049925e-05,-0.0015868836754458792,6.50010358756266e-07,4
0.21804499997216992,0.017575652060405806,0.0015810913123593471,8.65400911268475e-05,-2.9353895182616355e-08,-1.000121096273148e-05,-1.2770190545730578e-08,4
0.43275342115268584,0.1547859344335339,0.007839113837909526,0.0048244834572662,2.9667788811679274e-05,0.0018619473726433837,3.1539143989406143e-07,4
0.23670301910690783,0.028649263957065484,0.0006544861474779302,6.870942335674282e-05,2.130596201314712e-10,-3.7176116229697335e-06,-1.4568949878384421e-08,4
23.68536547635895,396.3515075405333,3694.450705405573,2257.5997368459025,6475228.269667166,41626.719117450586,-762483.1430915291,4
0.2236094264483532,0.02118595686326976,0.0009272952096745199,0.00013443497175771489,4.657065516200514e-08,1.8029697573644393e-05,-9.172835137664438e-09,4
0.32530537209198707,0.07185817372008584,0.0074757930630390546,0.0031649762969346963,1.5289128372557236e-05,0.0008116822137403913,-1.8037842732209892e-06,4
0.1907404425127676,0.010137842521662862,0.0002286848547106358,3.736452010787161e-05,3.4480836333439953e-09,3.7620743839581907e-06,-2.0009406493372287e-10,4
0.16239807990938737,0.0008000646437748198,1.4013377864501986e-05,2.180802329145397e-07,-3.2827490258011767e-13,-4.5595978304875265e-09,-1.9384992052570346e-13,4
0.219870752174171,0.01863450519859685,0.000794065898637421,7.758270664125016e-05,1.658515174108303e-08,6.363279628059733e-06,-9.784817136968808e-09,4
0.19906680183323355,0.011499058227024522,0.0010685472507710582,0.0001194029902018698,4.261084956890535e-08,1.2761270368263173e-05,-1.8284732742636868e-09,4
0.35392261037036393,0.08719780377286496,0.0009087443083673544,0.00026060460375761845,8.652495821705486e-08,1.6103316288933824e-05,-9.27211158576654e-08,4
0.23070367563040645,0.011700967808780344,0.003193107493352443,3.687044464519005e-05,9.92918802051141e-09,3.514785131058713e-06,7.839556129779093e-09,4
0.2508995330019096,0.00271211928568932,0.0019496582254360855,0.00032260467350183253,7.798197059641766e-08,7.4592996315792e-06,-2.436759643781788e-07,4
0.6215780769399497,0.3332071704210511,0.016246644990177677,0.013392573452187542,0.00019740885046021586,0.007592049918184082,7.476900203270333e-06,4
0.23734265592607512,0.024605293071430237,0.0026487004491297793,0.0004060802205717842,2.5623571600541084e-07,2.5082083411361204e-05,3.342281164307793e-07,4
0.20643848558655986,0.013017578243311626,0.001410318557485401,0.0003063227486585038,1.8306301909917244e-07,2.8957037373533847e-05,-8.381673623489262e-08,4
0.1762497194909985,0.005520267566648232,3.216575569993781e-05,1.6862694625770266e-06,4.929846567286551e-12,2.7958361117545688e-08,1.1398626317020609e-11,4
0.16198368448550543,0.0006713511358879394,1.9281565892116973e-05,1.9331583058680984e-07,-3.003230748645015e-13,-3.2267336943247746e-09,-2.2159410594414362e-13,4
10.528675347639796,20.269258892208885,402.683894085298,12.307996119737549,684.3004381050107,16.33524463053739,531.5415793119755,4
0.29449433085304344,0.05542961232750021,0.004925645549461877,0.0028066505049760835,1.0435462018713355e-05,0.0006599139617453556,-3.469697881943906e-08,4
0.46731311168604445,0.15281485879473702,0.028710951278527002,0.003398779996647494,-3.347842908217313e-05,-0.0013159701320243633,-2.536867925134251e-06,4
0.2855878706933891,0.04846761572934943,0.0018094014161496137,0.00022549289270392902,1.4235215697485523e-07,4.785230656044532e-05,-2.195043643556156e-08,4
0.23760516145737592,0.02798760692773517,0.0001832437942352746,3.776618582904139e-05,2.710811492524617e-09,5.129458843970102e-06,-1.5880773565827878e-09,4
0.3971944870819917,0.12977073112256657,0.0008311135772843755,0.0004933976666695411,3.1592474649940067e-07,0.00017763252928787817,4.4033198039501605e-09,4
0.15949792635287346,3.1768242218954066e-05,7.488357249987077e-06,5.856253163937048e-10,6.077037957219364e-18,-3.6249224883704625e-13,3.830226548196432e-17,4
0.2530747819413134,0.03373461654203999,0.0019607290100055732,0.0004109463727640622,3.585880174546983e-07,7.00880720339896e-05,-8.653304991885667e-08,4
0.22860468024241568,0.025669429738998883,0.00017623795620786786,2.1761587085558862e-05,2.9492672330088797e-10,-4.6744364167245224e-07,1.3150093079592505e-09,4
0.21193803555167812,0.016169348208367476,0.0009551191664425921,0.0001304937035187761,4.299966797897103e-08,1.2576544036129509e-05,1.6535526524114558e-08,4
0.29528270952771696,0.05910361817134447,0.0002386579854132578,2.7736318491862183e-05,-8.353032060252002e-10,-4.106422081462505e-06,2.0963462193168524e-09,4
0.5852078168082872,0.28140073760028894,0.11144701078277824,0.08318103462559859,0.008007579821232114,0.04287623798794268,0.00014317853367689726,4
0.21579827543318017,0.01985795612445168,0.0002117740931050494,3.420392464069921e-05,2.2427129342222777e-09,2.8337544997721553e-06,-1.8559301232157142e-09,4
0.22651590063276844,0.012129707050834281,0.001028677838098118,1.1722917326222037e-05,9.621896103801148e-10,-1.1787315593397717e-06,8.552398998687008e-10,4
0.5586895264673745,0.2644349870730906,0.015952430783987007,0.011072393305223832,0.00014637090342260612,0.005372091683958751,1.5172976763683536e-05,4
0.2797769321236521,0.04979582732639522,0.0007960971203482971,0.00022863742184519459,9.696909695784802e-08,5.0567430304441065e-05,-1.0581908104143765e-08,4
0.49172135493883595,0.21425619669559792,0.001455652911620103,0.0009712498265598303,1.1537259543977516e-06,0.00044251182731271186,-5.092669566997039e-08,4
0.4862157380551123,0.19933850111868362,0.003921447153402435,0.000586381344412348,3.468661519858944e-07,-7.97038496278765e-06,-8.187420053952689e-07,4
0.5717326171432515,0.29388149367095,0.0020236993463987676,0.000702976290289639,7.440029538408012e-07,0.0002514677759435383,3.8662664310266125e-07,4
0.2842225117170578,0.03712296184693303,0.004665100222134688,0.0002999130763364395,2.0834446597970244e-07,1.1609622620080918e-05,-2.8712511934869285e-07,4
0.26934955487036255,0.045038363063752876,0.0005226777849888696,0.0002735584147907882,1.0314592933289537e-07,5.7494855204863146e-05,-7.805739585768735e-09,4
1.9673646890881638,3.6880692162917734,0.26082645028350504,0.03828014029995159,-0.0006987138982926257,-0.03201908339862292,0.003760683139785088,4
0.19212759352381786,0.00938931311256404,5.153164839358168e-05,3.3665242381781047e-06,-2.2883719362701435e-11,-1.7093347574100794e-07,-3.798022206841558e-11,4
0.15992210836549775,4.9108340807149433e-05,2.5064381326847336e-05,1.2292099141115097e-08,4.1936768531163616e-15,2.6319033173094497e-11,5.381889289112715e-15,4
0.16198368448550543,0.0006713511358879394,1.9281565892116973e-05,1.9331583058680984e-07,-3.003230748645015e-13,-3.2267336943247746e-09,-2.2159410594414362e-13,4
7.448918488070447,9.117698784672543,17.03061682772538,42.150751865652275,-1069.9679278414303,-63.05799965197792,361.3425861988362,4
1.0937522172959606,1.0657288319353613,0.2952311351019226,0.2621259948743647,0.07291835715697316,0.26554622735303757,-0.00047824051155010046,4
0.3562028594792954,0.07943148928277356,0.004680011014950058,0.0006285206913425863,-7.988982648406379e-07,-0.0001470406619728941,-7.237127790932237e-07,4
0.2835690681079931,0.04963141777769598,0.0025038368991402295,0.0004664267516359766,4.2672978578213394e-07,7.308166680236903e-05,-2.6827867179719084e-07,4
0.16239807990938737,0.0008000646437748198,1.4013377864501986e-05,2.180802329145397e-07,-3.2827490258011767e-13,-4.5595978304875265e-09,-1.9384992052570346e-13,4
0.20023105818333695,0.001164907518714401,0.0037956302057329944,0.0001938981936178289,-8.779132682978197e-08,-5.88097986760495e-06,-1.412884625158562e-07,4
0.22434986688642866,0.015121331587380422,0.003867704274353487,0.0004445527929227333,5.539931760767479e-07,3.5904443175473574e-05,1.8136012354892883e-07,4
0.9122904665659772,0.7889442235377337,0.003165498744166431,0.0016180722745699678,3.553374040781862e-06,0.0010728034434911772,-8.85298073870109e-07,4
0.23859944976771277,0.007784313513440151,0.0010307605989919473,0.00025539785221903713,-1.129992959794478e-09,-1.4069637474619516e-05,1.310353937107635e-07,4
0.5703295909033066,0.2931797206237626,0.016461023700725774,0.01258533171736983,0.00018113861567729285,0.006808783393438489,-1.4738791175196978e-06,4
0.25111754893232197,0.027886316707280354,0.005521071822077089,0.0006738622492498554,8.129551627806688e-07,3.836357930933744e-05,1.0141600397607827e-06,4
0.2526378851505572,0.012030832597258675,0.009330715866411963,0.0002865413670531279,-4.540824063081594e-07,-2.399432997570017e-05,-1.1545826966993692e-07,4
1.2548793807623062,1.5400734829119016,0.022491092218710065,0.0081049866233086,9.819713003378572e-05,0.005795528061611908,-4.829183343889764e-05,4
0.20541558360538112,0.007499231240734348,0.0038823909434450576,0.0007537089286995082,1.2832061187629724e-06,6.412154235878816e-05,-1.252408657974077e-07,4
0.509379540786415,0.22766694995686498,0.0024751369211903854,0.001174485972195192,1.9585168126747866e-06,0.0004729065313492985,4.1736882133171864e-07,4
0.24888703025856834,0.0331992181204459,3.208538664359997e-06,3.8700075865614757e-07,3.682448606394043e-13,4.217966867773267e-08,2.2442293118787317e-13,4
0.2400735269942075,0.028854292212211863,0.0014594498929850553,0.00010693284514306734,-4.169154291195437e-08,-1.7635986256741206e-05,-6.80734287023036e-09,4
35.58844591568287,214.55349922071173,17408.818007032685,1407.0065484389859,6904976.3654937195,7932.040809271456,901060.8775102156,4
0.47819574764465544,0.14037551305875118,0.10831340729543523,0.25970698209083526,0.043519296313379384,0.09038937736311055,0.0018325192227938748,4
0.21974874292470953,0.01598843410593169,0.0017063879180597519,9.415482549634323e-05,3.606894589509685e-08,1.0994788241356801e-05,1.1106052255992339e-08,4
0.24185042718929983,0.031926145127410155,7.030954044746642e-05,1.0862022401990651e-05,6.900763076283154e-11,-2.645321909286943e-07,2.9213424654221765e-10,4
0.2886476526328361,0.056595589809414024,0.0003900913091282646,4.7407284424494314e-05,7.337126002851779e-10,-1.6829312856813553e-06,6.405009862310721e-09,4
0.5799354427140001,0.30645595015024335,0.013813960971283294,0.010713767429331372,0.0001303384139408949,0.005928847964295914,1.3734781796577984e-08,4
0.1806317514430445,0.0002231784656850939,0.0018598513240652725,2.5648146269716895e-05,-9.669415608349192e-10,-7.429243072909577e-08,5.517656673380789e-09,4
0.3063714144065078,0.0680504816273261,0.0002327684472167183,0.00011960863654485304,1.9949716417314987e-08,3.118144271893864e-05,5.568835555027534e-10,4
0.4887830350166375,0.20667528884239028,0.007109344409275823,0.004689249818569059,2.6924058927699344e-05,0.0019044944362708886,-2.855747012499709e-06,4
0.28387467540238226,0.05203038317193465,0.00018924818078975048,3.344959010562475e-05,1.6704179046622088e-09,2.4192566643929456e-06,2.0718325041914034e-09,4
0.17016344207932507,0.0009499292653604124,0.00037155418393767815,4.2619271447015705e-07,-5.1350082511500655e-12,7.346699777155335e-09,1.5476079047718518e-12,4
0.3319525117366892,0.01628977602917507,0.0030603046955005294,0.0017064789688934613,1.4206719689531117e-08,3.6345951626555136e-06,3.899696986355805e-06,4
0.3283164620902438,0.06471961867828505,0.010357387600358052,0.005013544888881932,3.6076557722365054e-05,0.0012679611416015362,-1.9250160045968544e-06,4
0.24726584650574374,0.03304323152287093,0.000511903928291829,0.0002441165818482971,8.5649976277854e-08,4.355599701998734e-05,1.0538669112288911e-08,4
0.30598317021875665,0.06052256919805919,0.005154272081469008,0.0025235614665576806,9.033606066385209e-06,0.0006101931576740125,1.1081659289840404e-06,4
0.24537601685353072,0.03123494537782004,0.0013733186677034115,0.0003852011798997829,2.6377578614056963e-07,5.682749131604309e-05,-9.442413308078912e-08,4
0.21979256311412781,0.014683054799278512,0.0038718881681429084,0.000520737370639913,5.774208139610963e-07,4.173656161334786e-05,-4.6186895363847216e-07,4
0.33852918350037764,0.08096705713485432,0.004368026329930108,0.001586517230126894,4.058562344739781e-06,0.000409647380544623,9.85398029572546e-07,4
0.16986470948853516,0.002262804456507434,0.00012975502607925695,1.9912912766865782e-06,2.6267385133210665e-11,3.7005018550128376e-08,-1.8291080857209697e-11,4
0.21974874292470953,0.01598843410593169,0.0017063879180597519,9.415482549634323e-05,3.606894589509685e-08,1.0994788241356801e-05,1.1106052255992339e-08,4
0.2818586663095554,0.026749469814102256,0.006820899360241808,0.0011838761178513345,4.750532831126571e-07,-7.161726728438476e-06,3.3304778681257606e-06,4
0.49816761225148765,0.20959943065252845,0.018010405141587436,0.011554262923264036,0.0001666091259929416,0.004997217100259438,-4.748597657862886e-06,4
0.45579363042480636,0.16533777957100365,0.004291028742252754,0.0031444064682759443,1.1432791076517806e-05,0.001229574383345263,-1.6425390291507854e-06,4
0.16720493879449533,0.0015858000782919541,1.0303182665465035e-05,8.051406578536252e-07,3.2287946961802137e-13,9.882524013263875e-09,-2.296372421204363e-12,4
0.5372876423938632,0.2169790860468929,0.00943048630603463,0.0006780119467368458,-1.6939045643009201e-06,-0.0003155092401616492,-2.645794870202822e-07,4
1.8950381328150934,3.092764032027956,2.8583871159431897,2.172777313261959,5.412017148587465,3.763678144693225,0.17393946928040105,4
0.1801218742544789,0.0030295313104403455,0.0005619313396700122,3.166854805272159e-05,-2.776483859465001e-09,-1.2956468277984705e-06,-3.184060234203206e-09,4
0.27747701351213283,0.0204977358166308,0.0075420879417304075,0.00043785234223228865,-6.463147224351095e-07,-5.431869506095174e-05,4.6409120589514013e-07,4
0.2898389750453411,0.03224807751895299,0.013122736021787203,0.0010463843012377973,-3.719748464030425e-06,-0.00017530703869415618,-1.0946618830073594e-06,4
0.48733536180808545,0.20345056270818965,0.0030583903334045898,0.0005740223794892692,3.667876569085032e-07,3.114406804528821e-05,-6.662843815410374e-07,4
0.166285012347963,0.0012855452273319988,3.836941425129048e-05,1.1289226306858371e-06,7.225571807318781e-12,3.6085227504497454e-08,-1.7309021095118309e-12,4
0.1928830516598274,0.010029981085742233,0.00019453653315085125,5.647505293583032e-06,-1.8283935456978446e-10,-5.212205083307927e-07,-4.012899669266839e-11,4
0.21262918501440292,0.0071633985054639976,0.00015712411235376366,0.00010323879695873291,9.163964947325912e-09,1.073323630524654e-06,9.429339867107392e-09,4
1.4249245237148427,1.8803890081934025,0.27821948975746524,0.06537717584156495,0.005319260135534904,0.018321489070878542,0.007032020831485389,4
0.21052546370011416,0.014422823055791721,0.0008642102799716443,3.804792018276371e-05,-6.898458491427423e-09,-4.154793502165897e-06,1.0883412965902614e-10,4
0.16431489034931235,0.0005115942506665021,0.00011402613207702919,4.039746371508004e-06,2.624936555215433e-12,-5.8941420504445975e-09,8.66631002640622e-11,4
0.2414167404914489,0.03119493290762222,7.096154344598358e-05,7.927317317848801e-06,-9.19430789669262e-11,-8.941976082491357e-07,-1.640045015748356e-10,4
0.208540347491878,0.017645617272246734,4.5967207029108675e-05,6.1853154221367155e-06,9.384502448033503e-11,6.981811307991745e-07,-4.550523131986516e-11,4
0.3607938165354501,0.08568473851180333,0.02509778670593393,0.01309171696584901,0.000236587429253471,0.0037840945724022974,-1.84807611096721e-05,4
0.18343306297070933,0.004285603323004886,0.0009191659478707657,8.731953354620214e-05,1.613761964381786e-08,3.6264947452646697e-06,1.8749518276660553e-08,4
0.18649935808268203,0.000747365316206655,0.00284769285009298,6.1003178899094444e-05,-2.0007185163908142e-08,-1.6587913935833174e-06,1.5690308195280662e-08,4
0.880475406208519,0.7455589364786861,0.01141517440843342,0.008009503314771845,7.639494267121253e-05,0.006422699952019131,5.40697021017899e-06,4
0.2939994536962983,0.057287433031592,0.00196895405993301,0.0006961843698059913,8.049830577283905e-07,0.00015528873273736013,-1.2794448744146112e-07,4
0.2897022966041301,0.051919376616803535,0.0011519833814841508,0.0001225009481125352,-4.594115003476264e-08,-2.7360667121633545e-05,2.6667123094356965e-09,4
0.788410410435666,0.5833140139461062,0.013549764842851218,0.0027716531871856635,8.279911116373767e-06,0.00018087067270087143,-1.4830536051248293e-05,5
0.248908064153045,0.03450556160492947,0.0009868438797164297,0.0002217692803263204,9.18372839299136e-08,2.9801753667438606e-05,4.826376416875626e-08,5
0.17220453588001308,0.002719773307448083,9.296676542405807e-05,2.2014075717753183e-06,-3.00638692062989e-11,-1.0420912669343671e-07,9.379507016849203e-12,5
438.7209437292627,45845.90979262914,54035616.983560115,64676288.77878535,3819342013885697.0,12890072046.173512,-177623011860901.62,5
0.2146482820101429,0.019779961087171363,0.00038608080936372347,8.419068487358617e-05,1.5071802092928085e-08,1.1691773570591293e-05,-1.7984285641608605e-09,5
0.44370225652789813,0.16835602081830225,0.0012245363746661456,0.0001360750784440149,-4.329057159596034e-08,-4.6539329218268264e-05,-3.480370611151e-08,5
0.19350658133988224,0.009497670609668347,0.0009067204333754491,7.41583747991082e-05,1.2110851254987996e-08,3.590144505305794e-06,1.4937078143768995e-08,5
0.31094103862748845,0.06811022649032289,0.0019271824780369038,0.0003955130290569679,2.2029176068390113e-07,2.4978633771041067e-05,2.659077711658829e-07,5
423.9597791261683,62701.943014525976,17259961.40196632,3331353.638372268,25240459521035.25,390252846.4960638,-1019179686176.9834,5
0.19795510434483166,0.0016662880649584743,0.0037102283119607882,8.055673238699237e-05,1.6027668147473333e-08,3.0696072217709157e-06,4.102056787638629e-08,5
0.46959136044313854,0.19088782863573533,0.002181115980503191,0.00023794579213380501,-1.713656040897327e-07,-0.00010395403217567769,-4.2379745194045866e-09,5
0.2888563227341444,0.022874773445603295,0.003923359022584786,0.00019143345917682332,1.494423389760819e-08,2.742200829319589e-05,1.652291519321759e-07,5
0.17477032073864565,0.0028797309180323884,0.0007431417207620794,1.9434354882867244e-05,-2.157302554240243e-09,-8.984407249118992e-07,-8.949222682513189e-10,5
0.4252380640065315,0.1532210410146404,0.0028935050409488513,0.0015690150527820825,3.3210002162812357e-06,0.0005679150359826871,3.839937004567503e-07,5
0.20802069926661634,0.017940950879118466,8.287940804141474e-09,1.2172880147809105e-09,3.208191732727855e-18,1.04846367532964e-10,-2.158009774974639e-18,5
0.30191855051427374,0.06425615319867944,2.3110372937907912e-05,8.548212375429409e-06,1.1223139417804985e-10,1.3382506437108402e-06,4.28911237764231e-11,5
176.89803749590862,20348.107287461527,2137655.9837974724,384226.0770074528,-188039718338.0763,-31578182.107766587,293079669441.5792,5
0.321368483860906,0.06921420249259287,0.007418520035790427,0.003542415122092179,1.800568002873314e-05,0.0008955519248244408,-2.3598507231698108e-06,5
0.3296008371698526,0.07651508734147006,7.514805181872908e-05,1.6327306502677264e-05,-5.337073827693304e-10,-3.983538316646558e-06,-2.0552854561417912e-10,5
0.2746694933511613,0.04565143444938325,7.562079895365466e-05,3.245974014335486e-05,1.483263564689551e-09,5.0231389669335314e-06,6.214613249637482e-10,5
0.2259248193567652,0.013051076839651388,0.004110587804000181,0.0002181618874085625,-1.857314352528853e-07,-2.063146065724467e-05,-9.047332544520704e-08,5
0.5099425385020386,0.2300785238980092,0.004732916881619402,0.001896674214239222,5.361339446508121e-06,0.0006692462931418715,1.8838638544059814e-06,5
3.0584924571965932,9.236473571204716,2.908413373756394,2.85724865221205,8.236606981724712,8.59044781723305,0.023566322200699652,5
0.22383802678536963,0.01838568580850221,0.001354684871522843,0.00029930354448587913,1.4577658312343482e-07,1.7013230148881186e-05,-1.2276616502705843e-07,5
0.24066541095578703,0.03037549807055634,0.00021359060150313963,2.0365432796106962e-05,-9.4154460320007e-10,-3.131564086145298e-06,-9.579164870539348e-10,5
0.4069959158196892,0.12935646463056052,0.010407063536021624,0.006152062611916303,4.9222004591265516e-05,0.0021791227269040265,6.33152206101166e-07,5
0.24939992801664318,0.033085930271759184,0.0024103490773597696,0.0006907579789808126,8.467826056883055e-07,0.00010629655348741667,-2.7819587853109587e-07,5
3.9413729270424165,15.29214538215698,1.1341696257577005,0.3331144821276921,0.1645284859145894,0.5597528374603571,0.12187688844999961,5
0.2949450697048011,0.05866805535040509,0.0014846527410488774,0.0005631605981084171,5.149342111618104e-07,0.00013639886404801375,-3.331308839426536e-09,5
0.18200607025705756,0.004626141146148334,0.0004909944530530154,3.470849121062528e-05,-2.331430507871558e-09,-1.8542400331514688e-06,3.88512393020559e-09,5
0.38523622612564123,0.11896534221051802,0.0032628812972200685,0.0024854590652927974,7.069447098264713e-06,0.0008140586070015457,-3.4785343370987845e-07,5
0.7723498164312017,0.5442919810969395,0.13172493887247066,0.12006566501996398,0.015095305527524144,0.08742257421277005,-0.00035541222530881874,5
0.21746827880722575,0.02157119115857103,0.00010644306578129194,3.151354263307399e-05,1.8251404069996082e-09,4.627443514063269e-06,1.1249058995528138e-11,5
0.6618134154178595,0.4008447270018944,0.045648529131862285,0.03126300884609774,0.001177688164804489,0.01846594985806847,8.873339253028109e-05,5
0.22113329048604474,0.001086782363310155,0.004021057269646884,0.0003176353715324,-1.7366212129906102e-07,1.045475560789861e-05,-3.141720095527339e-07,5
0.3341756564625515,0.08330231710819408,0.00043819205521123934,5.476853792686244e-05,-3.010755283009356e-09,-1.0545941833472782e-05,7.932401495232824e-09,5
0.5518505511315231,0.2703590635591433,0.01024850103434782,0.0018779375983611827,2.9774326548160567e-06,-5.276363360729537e-05,-7.681728556423559e-06,5
0.16241050240230548,0.000423886303377811,3.4505632926206328e-06,1.0525309098859445e-08,3.5538542781077873e-16,-1.1403179357284308e-11,1.9741108935689644e-15,5
0.27253386829322024,0.04701576804035096,7.905022957429059e-05,2.671505994941036e-05,1.2249145102266157e-09,5.663423387619876e-06,8.23826705676351e-11,5
0.2615036424146276,0.0010077050908302253,0.022909596371229034,0.00017306453846872814,-3.3579670685423717e-07,-5.0111562553989015e-06,7.741306339493935e-08,5
0.16851363968542743,3.3218357468824093e-06,0.0010110742423953497,3.4300342700348853e-09,4.3245814842875666e-15,3.551899394541848e-12,4.701032925738496e-15,5
0.3762297049154708,0.11324827213215508,0.0009928889762642022,0.0001074222326817185,-3.5011119442037296e-08,-3.607982022612854e-05,-2.23816893916491e-09,5
0.18556647113725006,0.003446671342004614,0.0008500128663802967,3.54244829777821e-05,3.0330013489994628e-09,1.933436763516173e-06,-5.346713951199679e-09,5
0.273822636895868,0.017129000718674427,0.007114797058672819,0.0001620965460481691,1.0863763253502737e-07,-1.4999982028861637e-05,1.3601741576116915e-07,5
0.2197044728096133,0.016851070013802982,0.0027182428312427205,0.00014019611143925684,-7.122062703147312e-08,-1.6165156054266398e-05,-4.9171837054008934e-08,5
0.20574178712561147,0.008576061554125183,0.002077583264139528,0.00018607964524174466,8.017256771424403e-08,1.1491872102670704e-05,8.34175619085574e-08,5
0.5723284862199431,0.2968892414432899,0.004288093208308733,0.0030836811057002086,1.1205377358801466e-05,0.0016650582224639549,4.2340206174379086e-07,5
382.70011285670836,141552.60507797266,610424.4052347643,63883.40787425956,-12051177915.336973,-23965536.282034002,3730315411.8961816,5
0.34081910629641904,0.08052228329082177,0.006767817924664133,0.0009337066415635246,2.6651845939680783e-07,-3.0197634114547525e-05,-2.331964777743695e-06,5
0.9745532989553375,0.8873466361482938,0.08221580205355472,0.04836563727119704,0.003020639711300259,0.041603131721972525,-0.0004213255935294126,5
0.18360638335514373,0.006566083550389048,0.0003368108150587499,3.538840210926364e-05,3.863270593378645e-09,2.8625401360499843e-06,-4.4889492058876574e-11,5
0.32466392477500516,0.07622196525414393,0.0037874604424028855,0.002534498797623875,7.838373299587566e-06,0.000686158441517426,-4.7208564460224266e-07,5
0.21473285852264024,0.0025300334980090187,0.0019304972394814967,0.00036507453885335707,-3.036879609050334e-07,-1.0047076756217864e-05,-4.129983991690814e-08,5
0.4480899874221198,0.15857757022793006,0.03972638469332954,0.03143448235804529,0.0011100483564770902,0.012352921940613947,-4.1759330033181954e-05,5
0.18858009852188057,0.007745201562076277,0.000524214865313087,6.494678929982328e-05,8.497454788995619e-09,3.314058249515244e-06,8.4500002617259e-09,5
0.23488008416354664,0.02689662106577066,0.001022862432502211,0.00024000605175919672,1.1891567465388568e-07,3.920725938943454e-05,-4.269282545765907e-10,5
0.3408290374823099,0.07818453465621149,0.0010650879265855584,0.00011614364753827943,8.190043783396157e-09,-2.143426736113814e-05,4.001997640942193e-08,5
0.5176426531638764,0.2217714132524031,0.004181542930791499,0.004153257124116571,1.730817984722258e-05,0.0018893984196200067,1.2248715103485686e-08,5
1.0090708111864901,0.9879404151360879,0.001955834399832486,0.0017509450525125822,3.2402176077969317e-06,0.001734608480345488,-5.556768946394657e-09,5
0.39317981805494284,0.12760857066598374,8.317258787381382e-05,3.632102069988268e-05,1.9828080055215512e-09,9.950418973439746e-06,-2.3175676894319148e-10,5
0.33196065514607936,0.0784416491308208,0.0009601562789642737,0.0003895204152445659,2.3778420513593392e-07,0.00010880569918035211,-1.4294230704885813e-08,5
0.2058605952648888,0.014238605438526146,0.0006340483231197464,0.00012340808292682172,3.3942135985444444e-08,1.447901160332599e-05,6.2923476111624245e-09,5
0.45983994442860293,0.17120687235881182,0.00945894149486834,0.00111567747033033,-3.491307095923693e-06,-0.0004517149530383683,-9.729518455881976e-07,5
0.36521593671741537,0.10582630950789998,1.5351845727163854e-06,4.3429749081369576e-07,2.6723557844068775e-13,4.745537776613527e-08,2.331080496060777e-13,5
0.2407234348976846,0.030397786220515224,0.000208794091017874,2.012305329053304e-05,-9.089297457075827e-10,-3.083791567744909e-06,-9.355324096476256e-10,5
0.43627859019538334,0.1604382911827829,0.002076288459415772,0.00027501490920609476,-7.05319287471911e-08,-6.805914660000122e-05,-1.9548038792255592e-07,5
0.5645141476350427,0.2582261952583082,0.37545367716371253,0.38047942066413354,0.14380362620926487,0.18348081966654078,-0.0006969862749709316,5
0.5165626452869712,0.23905370982324808,4.763614453468014e-05,4.949882815493315e-06,-7.592472360607487e-11,-2.4009512043114964e-06,3.5621546696231184e-12,5
0.3053890235608291,0.02853730937287763,0.0004675973981920227,0.00013519966362328606,3.370972676186646e-08,2.2624832733651443e-05,4.385362167180705e-09,5
0.9355047552556375,0.5709018763670839,0.1743112893645531,0.026420865695489335,0.001355979970719301,0.013079400032888348,-0.0011731207211515401,5
1.0871053888624287,1.153736024596105,0.0006874094365378419,9.456624701157519e-05,-6.569633521480197e-09,-5.8092563134596394e-05,2.3198524574331006e-08,5
0.1938711933024774,0.009760622659934097,0.00010483925159182234,1.5950829990236273e-05,4.826079228189314e-10,1.2125833792559412e-06,4.3882151505696433e-10,5
0.4819614566402425,0.1947237027891378,0.04417127329081165,0.03478639609686428,0.0013632830933180714,0.015171157905674176,-2.897473338624076e-05,5
0.935539805308716,0.447238430646366,0.6202018034042348,0.1062286627949019,0.001140162409789149,-0.03397938018590006,-0.027242631855810513,5
0.22589511700274456,0.0006605951060062983,0.010437287877382545,2.8879989372656036e-05,-6.0658318461395395e-09,-4.1692000322739427e-07,1.4649692318790966e-08,5
0.5157301347084865,0.2361927494666968,0.0014667765418719964,0.0004999365795059206,3.7820928753108363e-07,0.00015416904997860292,-2.0058674841206764e-07,5
0.4405176839514952,0.14995381769132313,0.0493041509586163,0.03896556633505897,0.0017069069133712918,0.014984670088431074,-5.832537336667744e-05,5
0.1788786871091097,0.0024705273967297768,0.0013479657451106266,9.25552904589327e-05,3.2347669523013195e-08,4.600310446464126e-06,4.732251509713091e-09,5
0.613950493063775,0.3373158818040894,0.004014818392868581,0.0034994171252549352,1.3116346410822913e-05,0.001799727888405815,1.0396989813964698e-07,5
0.2615036424146276,0.0010077050908302253,0.022909596371229034,0.00017306453846872814,-3.3579670685423717e-07,-5.0111562553989015e-06,7.741306339493935e-08,5
0.40876229664649544,0.1402818408375598,0.00023343377210926103,5.648069022055352e-05,4.925907550202007e-09,9.986413592855709e-06,-4.218399343210013e-09,5
0.20099754978034207,0.01180089021693494,0.001006065710110344,0.00023547966850700184,1.1460350509985322e-07,2.5554515696835847e-05,-1.6571256396584994e-09,5
0.33194078592542337,0.02618114182308755,0.0374920697502187,0.015843460799180562,0.0003861354378421391,0.0022712915170694,-1.8763638739915326e-06,5
0.16928837932870372,3.049024810155196e-05,0.0011103954993928,3.6858735640117263e-07,5.320484206875671e-12,1.3672805603041128e-09,-5.2245139801674544e-12,5
0.2604319017199331,0.0384401440231238,0.0020347950797531354,0.00022782268571167803,1.3552581863805832e-08,-1.5495021536609088e-05,-1.5452252780069542e-07,5
0.17103971604496612,0.0006472355090325479,0.0005815702859164332,1.728571578679488e-05,1.6179088593555224e-09,3.2017918877558277e-07,-6.213892369062046e-10,5
0.285754391164755,0.054523793443651096,0.001032860629280516,0.0004927774394288022,3.5129871007486036e-07,0.00011474069375507455,1.3501900666401787e-08,5
0.17898305568358028,0.002542811549752255,0.00019152671633001806,1.5753509490317733e-05,-5.473276500806423e-10,-5.14172702433997e-07,-6.702422375176504e-10,5
228.98231118788385,38174.12689669779,8345858.21174285,3467905.851506081,17833473303774.758,368688992.70535207,5481084085601.91,5
0.49182887772540257,0.21404491303059134,0.001237830759653317,0.0008202520308379519,8.258107796948639e-07,0.0003715162590971323,-3.415155672239613e-08,5
0.17988586162851178,0.001086585554054508,0.00045144023791546706,5.9379341958983376e-05,9.674095394488656e-09,1.889760664750817e-06,9.63385696188282e-10,5
0.3256678477188396,0.07879230643291235,0.0010078918331765316,0.0005015626075625973,3.5454636175426753e-07,0.00013410256908599332,3.831783433864273e-08,5
272.5403382576053,12714.432608446523,22320395.946519367,8054545.696018135,98655006633985.34,358479799.70958304,43938437252834.52,5
0.2642753877574592,0.04261525217829105,0.0004542845577177381,6.25601058609619e-05,1.6727900929066016e-09,-1.1588199186073648e-06,-1.041303891157185e-08,5
0.3379566059681713,0.08762220719407524,1.2247137941408082e-06,8.25454591024593e-08,2.081995345576504e-14,-1.0786562044328376e-08,1.598007814828763e-14,5
0.24963532094184582,0.0083372241990084,0.00940652706164138,0.00030666682473559214,-1.6438035912687193e-07,-9.256767234121801e-06,-4.942332896605697e-07,5
1.690474095757828,1.2155966946353884,0.1727844846803888,0.047989790105415785,0.003159680393964697,0.035839435709416265,-0.0030187432142210133,5
1.444262959142864,1.0968407341723219,1.5473630945579695,0.21343710449755607,-0.09567858183373723,-0.17913377793008378,-0.07675251542634753,5
0.370353415084945,0.09763453697667708,0.0022335489560846703,0.00012841384386563155,4.413229522540936e-08,2.6641571822956442e-05,-5.2744785668998825e-08,5
3.0584924571965932,9.236473571204716,2.908413373756394,2.85724865221205,8.236606981724712,8.59044781723305,0.023566322200699652,5
423.9597791261683,62701.943014525976,17259961.40196632,3331353.638372268,25240459521035.25,390252846.4960638,-1019179686176.9834,5
334.3072105389004,21735.413947776222,27485018.066847045,5081241.698110531,11883281683104.676,195535641.5708869,-58861026434713.805,5
0.16914532714259994,0.0013964323249765942,0.0002339161966670915,2.3134680472531372e-07,-1.270563159328651e-12,-6.8782984092096325e-09,-1.1322622125976737e-12,5
0.23729581894548993,0.029999792119446617,3.550325411437685e-05,8.047164974570142e-06,1.3514089586522207e-10,1.2426580796913676e-06,1.5427556792639582e-11,5
0.7045855114898082,0.4041571454085958,0.14016117353276034,0.06638973184700805,0.006094855532769349,0.03232272040356011,0.0019663619730622087,5
0.20342130844526043,0.015630591705087214,1.8630846903878155e-05,2.0166488847301714e-06,1.1175759946776568e-11,2.0279344433159694e-07,5.28227506666123e-12,5
0.23418353865223945,0.024579812336415856,0.0018785503952018507,0.00011824021950824695,-4.539454743644831e-08,-1.6612132774793533e-05,3.2322470437743796e-08,5
0.20790459214380952,0.014028241929727184,0.0007723814620406654,8.205169126205185e-05,1.7330143713904152e-09,-2.962362426721665e-06,-2.0583220485773624e-08,5
0.21383849279703598,0.018185178176369023,3.932747630602171e-05,1.4630257787146071e-05,3.505011843492388e-10,1.9527230514823444e-06,1.743301084079818e-11,5
0.3325578530379585,0.07961649241895193,0.0021025702502734836,0.0011493067243788656,1.7802927589106654e-06,0.00032268864604099334,1.5008144081188914e-07,5
0.26989221160087296,0.04206595268382455,0.0014373921114639093,0.0003153344083513812,2.0824738658164225e-07,6.0382748337340024e-05,-4.12699806779634e-08,5
0.35522692783937226,0.09833889089690431,1.0868581312941766e-06,1.6423940744770113e-07,1.38537503147062e-14,-3.652029597345066e-09,6.799389525852616e-14,5
0.3081818183098933,0.06689757512368688,0.0018053631229181751,0.0007794250832001402,9.1205323976311e-07,0.00018830203241062011,1.516724370218684e-07,5
0.9177390243762988,0.8037395374505604,0.03286757213526552,0.025789610629838512,0.0007502046613474009,0.022136217618045816,3.103208202208065e-05,5
0.5373388310769818,0.2502245819569727,0.003410913662035236,0.0006422418005103511,4.0767413936025087e-07,-3.6447957051265114e-06,-8.58709162491253e-07,5
0.8063921289366975,0.610537094754317,0.08327783475191475,0.07603227628413924,0.006050021435785631,0.05940653203540419,2.8409725090112158e-05,5
0.24864707390457852,0.03451451077327261,0.0010541043536189077,0.0002082335354482544,8.019547097356337e-08,1.929066350543355e-05,5.5555968455564793e-08,5
0.3908847482032485,0.121421586860444,0.004845173969262622,0.0005043550936333197,-6.065654443024425e-07,-0.00015759925899884507,5.036757333358888e-07,5
3.233529487572573,1.477417963600394,2.3752450008952484,185.35409227956347,-3553.6068723393873,223.43257987740807,-1580.366929768442,5
0.5509622654994795,0.27597621216030566,2.0440417148022365e-06,1.852969367431972e-06,3.6034715265441926e-12,9.497597749495383e-07,-1.3970455253997853e-13,5
0.5156038188676809,0.23856775583827625,0.00210454729933517,0.0015076021104151497,2.684652860562514e-06,0.0007299252223275787,-6.346378720387505e-08,5
0.19389919841328707,0.008564316158221435,0.0013346516043468818,0.000261515914524856,1.5386464764732235e-07,2.3275174296474155e-05,1.4007579790631972e-08,5
0.45155325591762874,0.13091702439959566,0.03406600236050966,0.004148265754569559,-4.9187708805199296e-05,-0.001493157824681398,-3.51145055670108e-06,5
143.46677041886886,19588.57329272073,294793.0895536005,161401.34979326534,34680032628.58261,20332724.42851797,-6064093649.438482,5
0.1695678011477597,0.0002521181185592568,0.001044884730754982,3.9077987247052855e-06,9.558307131453878e-12,-1.0998110815390823e-08,-2.4952500563972235e-10,5
0.32646698930893975,0.06567265456798273,0.0002728491815692879,0.00020648789963555593,4.89893374149817e-08,4.30892886007532e-05,1.4933039969189042e-09,5
0.23487721607956488,0.026895462928892465,0.001022777142963546,0.00023998961192035032,1.1889847945197538e-07,3.920397095146865e-05,-4.32367084966002e-10,5
0.20652567249362047,0.00824693133418365,2.6925862461103762e-05,8.020477757837062e-06,-1.1735673846021022e-10,-7.279152226193987e-07,1.0934987079183329e-11,5
0.7589886566228543,0.22419546668077173,0.030106160192012368,0.004915021236812401,-5.916812862829893e-05,-0.0022610636594829724,-8.588737344721004e-06,5
0.2223483279178608,0.015965244110219493,0.005775235957977172,0.005006571923904891,2.6898505304466837e-05,0.0006237808351982545,-1.1069015846764915e-06,5
0.2176101235465439,0.021633202831426553,0.00010669663969112263,3.164072649086377e-05,1.8384005493342447e-09,4.652444881856938e-06,8.732802431156214e-12,5
0.3109613311279103,0.0671427443991725,0.0014076278556542153,0.0006140349281519745,5.468119930825055e-07,0.00013529954195604901,1.6396242556207087e-07,5
0.1959180313734044,0.009496479064848767,0.0007131056256195243,1.766202795033623e-05,1.7546579493866427e-09,1.2207282681409923e-06,-9.220179011825793e-10,5
0.49553044574292204,0.21582669278519528,0.0033520087032789542,0.0017092976795215617,3.990908006517021e-06,0.0006235355412853641,-9.015325524131768e-07,5
0.23649603195325067,0.019684442773661576,0.0004854153884672883,0.00014355991212424622,3.353814069497734e-08,1.1458521004355079e-05,1.7646162872539965e-08,5
0.3949349362286044,0.12615079687820524,0.0013581416123641507,0.0001507577744128642,-6.66318673561697e-08,-5.247542812968274e-05,-1.4619930369788855e-08,5
38.168689567782536,331.9999163850912,47359.251433306024,7980.0108105715735,96228219.5317899,115978.10829681088,-121683026.97396438,5
0.1784586676193878,0.004777847794675663,0.0005820862612099947,2.3961502459172576e-05,5.6838091134936627e-11,-4.169664933457745e-07,-2.8292877947262343e-09,5
0.3276610564508139,0.07536780725253053,0.005469365771991755,0.002094233952749176,7.012182178897961e-06,0.0005435621085397251,1.0319944554859419e-06,5
0.29677450361087077,0.04332167134755153,0.0112402568767376,0.004002600180863614,2.6832835233386004e-05,0.0006706120416888283,-8.827158224749738e-07,5
0.34515960397297013,0.09183592785272292,0.00020196024347572566,3.128913241663432e-05,8.720832611655764e-10,5.798401358499554e-07,2.3293757069713913e-09,5
2.978849759110629,8.83990067233579,0.20907375775120768,0.2088639209143277,0.043646044897174205,0.6207205879332339,8.002394525158212e-06,5
0.5473581844543347,0.26430898912510725,0.0002805225079448028,0.00011579988116664285,1.9395773989338067e-08,5.247253901849696e-05,-7.707668063525397e-09,5
0.8551885059698274,0.7000841574907253,0.03182939871027566,0.030130470582691367,0.0009330876166221325,0.025210168443344394,1.630873737322317e-06,5
107.09151385139462,8700.820349800742,255963.66366030846,65231.26360984653,1100738782.7733252,-494363.34542240226,-8356755684.220559,5
0.720532581839938,0.49269913501614654,0.0016206581395216478,0.0010981858671504532,1.4602960662266283e-06,0.0007112649732477531,1.1822203922407536e-07,5
113.55464414358441,9032.0484481079,65458.51358962919,53957.45791962974,2847530846.680865,2815484.970125955,-1474647663.2304409,5
0.47194293431295525,0.19423444452438088,0.001526706850185751,0.0010781170137712263,1.3827334728488238e-06,0.0004739004899342006,3.488872364132977e-08,5
198.51714086461723,11143.59301531466,3385301.0246449006,546405.519188686,384566672149.75696,12183054.993698439,-635898672977.5441,5
0.20733439823078964,0.008548977480291129,0.0018914999026732758,0.00036438563364291684,1.987414770396776e-07,1.9216741636250517e-05,2.2807094717596757e-07,5
0.17007971544103784,0.0005735886787685139,0.0009434329236824832,3.93973164229288e-06,1.5826972886792224e-10,8.235586255462222e-08,-1.8067118161139063e-10,5
0.7563536585677527,0.5443690116756932,0.0005064385101812847,0.0002594173721935896,9.19890404762036e-08,0.00014700205425858187,-1.9480104343272066e-08,5
0.38032800634269054,0.10896989410543978,0.0026827992987269317,0.0010326910525226374,1.6338068984175692e-06,0.00032022689317382164,5.341160991241558e-07,5
0.17089585654553746,0.0025129208091264035,8.441467100668465e-05,4.998830499996522e-07,2.4359686578984437e-12,-1.420023608090752e-08,2.147204713908714e-12,5
0.2972311622543443,0.060909219699691215,5.71218873711378e-05,8.459175619088834e-06,9.284960941088153e-11,6.302525781772142e-07,1.6110834643641888e-10,5
0.6088185659818035,0.3426129936084135,0.007706519314496113,0.0054198230510011415,3.496443341972471e-05,0.0030181632830794344,2.097833321949943e-06,5
1.764332677271264,3.0494266166837365,0.1614002351846879,0.17127200128654055,0.028475941050966475,0.29893646702208077,0.00011521891085730445,5
0.3444571631944506,0.09096929721298973,0.0004897865559195672,0.0001441119601746635,3.223263736262805e-08,2.0418767267500833e-05,2.066315163487095e-08,5
0.4318542280263308,0.15573987623104735,0.0009595556019432894,0.00022518530782696735,6.61033134591189e-08,3.235075700195123e-05,8.116229173563972e-08,5
0.20244708396003636,0.011936697698342073,0.0013392915628601604,0.00019693198699408343,8.880930266655344e-08,1.8655082931548642e-05,4.839100874280717e-08,5
0.4486073388875154,0.16928885674537078,0.0005675715788137991,0.0007089228921148115,4.473951034300264e-07,0.00029142398513912725,4.532782201187979e-08,5
0.3878898447040708,0.1188767060657925,0.0037301488856535323,0.0004045299582439928,-3.4117984941735227e-07,-0.00011795678101623344,3.6128769737232946e-07,5
0.452836025232973,0.13818331983800575,0.00776316829350848,0.0018725254227767354,7.1005525452153585e-06,0.0004608700284819879,-7.436652233910987e-07,5
0.2915884537166378,0.01435291172773323,0.002061188196364223,0.0001537628094375791,4.45182326010857e-08,-2.705746110515715e-06,-7.423880455351841e-08,5
0.17679884488399258,0.004274199877526479,0.0003062150187916036,1.1950133266353437e-05,-7.211226904023077e-10,-7.811532588545945e-07,5.0521057432053734e-11,5
0.5269081613707745,0.20812645469365734,0.0016812388922750976,0.0028495842888980097,6.110618966307499e-06,0.0012782789293715258,-1.2500067693129278e-06,5
0.1816883119049698,0.0045572624956195405,0.0002924717128294889,9.102374271668877e-06,3.140613367766938e-10,5.789527146609861e-07,3.491936919109131e-10,5
0.1916650111148547,0.007903226703264774,0.000413244468644097,2.0607356099925386e-05,-6.645811676397657e-10,-3.0434653665723936e-08,1.7817716902799485e-09,5
0.30126778033118823,0.05358398027777648,0.007993594023042033,0.0028155280816174817,1.2564842618272262e-05,0.0005270165160310663,4.531638834030474e-06,5
0.7403800860181925,0.45635164428339847,0.03767405223615017,0.011324148288091414,0.0002077120497039294,0.004218085463971326,0.00010753943411349514,5
0.6052276239561502,0.2978892829298003,0.06063677469929329,0.039221011998083616,0.00190676485018483,0.02040969522847157,-0.00015052799499028061,5
0.26904584203825005,0.041546945509423276,0.0012491531670652688,0.00010157421628520402,-7.560650288944758e-09,-7.94572257825049e-06,-3.538243073093822e-08,5
0.3118992976398077,0.025513918021760153,0.021381629389781283,0.0022724166892206937,1.58397759043633e-05,0.0003413622192886634,-6.194555719295514e-08,5
0.5419791408309124,0.2651324103096681,0.00045840050958633307,0.00012873058894270732,2.4400184914649158e-08,3.0166306432776684e-05,-1.9558163920145898e-08,5
0.16759688404958298,0.0023728374732027006,8.576593914250781e-06,2.9661341643895107e-07,-4.4676087863747465e-13,-1.3764037914353566e-08,-1.5562359369769623e-13,5
0.9776173627913423,0.11400121723527389,1.898570818396818,0.5569225396737107,0.5340912439501625,-0.1834623429598044,-0.20663790689902434,5
0.2146482820101429,0.019779961087171363,0.00038608080936372347,8.419068487358617e-05,1.5071802092928085e-08,1.1691773570591293e-05,-1.7984285641608605e-09,5
0.285754391164755,0.054523793443651096,0.001032860629280516,0.0004927774394288022,3.5129871007486036e-07,0.00011474069375507455,1.3501900666401787e-08,5
0.8422324935655506,0.6707820496415645,0.050339968680423244,0.03559508362637605,0.0015021480792938018,0.02668757238506789,0.00011768522865062114,5
1.250887175429347,1.5298830951403253,0.2596284798973808,0.24545932500796197,0.061964647173528425,0.30310215970047605,0.0001621820002420853,5
1.412716405755158,1.3862880674325924,0.4155116863800206,0.06826937817203405,0.009328624953349244,0.06326918220949745,0.006722036592816595,5
0.6652330760216323,0.38023102071333614,0.13474898342253327,0.09869688822905989,0.011359163090242678,0.05996066783550291,-0.0007203851268224688,5
0.24790955891896077,0.01208197839205878,0.005512280323003246,0.000329485941645235,1.817270368737936e-07,8.648848760869314e-06,-4.051491024638049e-07,5
0.17089585654553746,0.0025129208091264035,8.441467100668465e-05,4.998830499996522e-07,2.4359686578984437e-12,-1.420023608090752e-08,2.147204713908714e-12,5
781.3751956328543,300695.5753450276,109381452.74939004,14261243.802662663,-371403843958396.75,-2777760350.4650974,423461460772546.94,5
0.5930275987413389,0.2771178045537924,0.10350316169554379,0.06720862634672166,0.005552074149329419,0.033986719139102936,-0.0007720751148227196,5
382.70011285670836,141552.60507797266,610424.4052347643,63883.40787425956,-12051177915.336973,-23965536.282034002,3730315411.8961816,5
0.2397547875424817,0.009662183382236667,0.004954925662012317,0.00019534258465125462,-1.3021618543377618e-07,-1.3723674927193199e-05,-1.4134312881752927e-07,5
0.17103971604496612,0.0006472355090325479,0.0005815702859164332,1.728571578679488e-05,1.6179088593555224e-09,3.2017918877558277e-07,-6.213892369062046e-10,5
0.19505103308238703,0.010980955482138365,0.0003640949585082561,2.3566306260366586e-05,9.634698892256046e-10,2.6516823997906246e-07,-1.958829874492453e-09,5
0.24645124074594393,0.014853728140321371,0.012029669455349251,0.0029650322279489646,1.7589400247614803e-05,0.0002861947294662932,-2.046551461530639e-06,5
0.24461960732616422,0.028915027081132548,0.0006051303731626225,8.706441408006981e-05,1.9775599974589236e-08,1.2943372981222738e-05,-2.8795071617491916e-09,5
0.2578248508290552,0.016494455738493674,0.006884040385563464,0.0003615575515975881,-5.631162846978582e-07,-4.529666017743927e-05,-9.093245130982888e-08,5
0.16026365569338352,0.00030625932577483915,1.2758525137270347e-05,4.074625860162096e-08,-2.2858886217692107e-15,-1.3317658798944956e-10,2.928958548334617e-14,5
0.2918024712164897,0.0403054881001517,0.011481205890554933,0.0029179829346420287,1.534448426283044e-05,0.00046190821234572143,7.0571547619520156e-06,5
0.2584602345786001,0.04106397030142295,0.00010896520134101725,4.291804294792764e-05,2.9236164538070797e-09,8.419218377272071e-06,-2.579150100059406e-10,5
0.518229230158539,0.24130962654307792,0.0004358655844188212,0.0003219543051069195,1.2057293691733542e-07,0.00015773859442000108,2.808752055629626e-09,5
106.21825039928925,10586.373802827355,116998.50609073292,94474.56132671447,9928374340.050604,9653808.550706841,-289336955.3636112,5
0.17472669584247622,0.0029161516932345523,0.0006204255662837161,1.7891066017488485e-05,1.5328223073997572e-09,8.540800183552509e-07,1.0970330011329155e-09,5
0.3309977168140681,0.08281758412506764,7.560103869912956e-05,1.307700389214198e-05,1.3663936333034878e-10,-1.5854143452351719e-07,3.8780693925698454e-10,5
0.36636291044993907,0.06338011037637445,0.02887530132910863,0.003815779153592673,-2.1253349358587623e-05,-0.0007205001163187543,3.394938210558801e-05,5
1.690474095757828,1.2155966946353884,0.1727844846803888,0.047989790105415785,0.003159680393964697,0.035839435709416265,-0.0030187432142210133,5
0.31396299142203216,0.05178516613955049,0.004288193127241955,0.0035833011305256898,1.3971894185894432e-05,0.0007583802213937654,-1.4439139923467679e-06,5
0.32466392477500516,0.07622196525414393,0.0037874604424028855,0.002534498797623875,7.838373299587566e-06,0.000686158441517426,-4.7208564460224266e-07,5
0.5419791408309124,0.2651324103096681,0.00045840050958633307,0.00012873058894270732,2.4400184914649158e-08,3.0166306432776684e-05,-1.9558163920145898e-08,5
0.19553662515460585,0.00836901215192293,0.0005954580727239026,5.84561157796864e-05,-9.50314276631512e-09,-5.135716094763489e-06,5.351062503093929e-09,5
0.33196065514607936,0.0784416491308208,0.0009601562789642737,0.0003895204152445659,2.3778420513593392e-07,0.00010880569918035211,-1.4294230704885813e-08,5
